ISO-10303-21;
HEADER;
FILE_DESCRIPTION (( 'STEP AP214' ),
    '1' );
FILE_NAME ('C1E-16.000-10-1520-R.STEP',
    '2025-01-20T17:47:50',
    ( '' ),
    ( '' ),
    'SwSTEP 2.0',
    'SolidWorks 2021',
    '' );
FILE_SCHEMA (( 'AUTOMOTIVE_DESIGN' ));
ENDSEC;

DATA;
#1 = ORIENTED_EDGE ( 'NONE', *, *, #1555, .T. ) ;
#2 = ADVANCED_FACE ( 'NONE', ( #541 ), #2167, .F. ) ;
#3 = CARTESIAN_POINT ( 'NONE',  ( 1.824378655624647794E-16, 0.4749999999999999778, -0.8750000000000001110 ) ) ;
#4 = VERTEX_POINT ( 'NONE', #1632 ) ;
#5 = CARTESIAN_POINT ( 'NONE',  ( 0.4500000000000002887, 0.1275000000000000022, -0.3500000000000000333 ) ) ;
#6 = FACE_OUTER_BOUND ( 'NONE', #3130, .T. ) ;
#7 = FACE_OUTER_BOUND ( 'NONE', #2387, .T. ) ;
#8 = DIRECTION ( 'NONE',  ( 1.000000000000000000, 0.000000000000000000, 7.529181753371559939E-17 ) ) ;
#9 = CARTESIAN_POINT ( 'NONE',  ( 0.5200000000000000178, 0.4049999999999999711, -0.9200000000000000400 ) ) ;
#10 = FACE_OUTER_BOUND ( 'NONE', #2844, .T. ) ;
#11 = ORIENTED_EDGE ( 'NONE', *, *, #2957, .F. ) ;
#12 = VECTOR ( 'NONE', #2314, 1000.000000000000114 ) ;
#13 = CARTESIAN_POINT ( 'NONE',  ( -0.8000000000000001554, 0.000000000000000000, -1.000000000000000000 ) ) ;
#14 = EDGE_LOOP ( 'NONE', ( #3369, #932, #184, #3077 ) ) ;
#15 = SURFACE_SIDE_STYLE ('',( #2172 ) ) ;
#16 = EDGE_LOOP ( 'NONE', ( #3062, #2254, #2291, #2878, #2203, #117, #2807, #1306 ) ) ;
#17 = EDGE_CURVE ( 'NONE', #2585, #760, #2395, .T. ) ;
#18 = EDGE_CURVE ( 'NONE', #896, #2908, #3301, .T. ) ;
#19 = ORIENTED_EDGE ( 'NONE', *, *, #2010, .T. ) ;
#20 = LINE ( 'NONE', #1041, #607 ) ;
#21 = CARTESIAN_POINT ( 'NONE',  ( 0.6299999999999998934, 0.1275000000000000022, -0.9299999999999999378 ) ) ;
#22 = LINE ( 'NONE', #2474, #3221 ) ;
#23 = EDGE_CURVE ( 'NONE', #2098, #1059, #1972, .T. ) ;
#24 = LINE ( 'NONE', #1096, #2386 ) ;
#25 = CARTESIAN_POINT ( 'NONE',  ( -0.5199999999999995737, 0.4899999999999999911, -0.7200000000000000844 ) ) ;
#26 = DIRECTION ( 'NONE',  ( 1.000000000000000000, 0.000000000000000000, 0.000000000000000000 ) ) ;
#27 = ORIENTED_EDGE ( 'NONE', *, *, #1113, .T. ) ;
#28 = CARTESIAN_POINT ( 'NONE',  ( 0.5200000000000000178, 3.280350850198277435, -0.9000000000000002442 ) ) ;
#29 = CARTESIAN_POINT ( 'NONE',  ( -0.6999999999999998446, 0.2550000000000000044, -1.000000000000000000 ) ) ;
#30 = ORIENTED_EDGE ( 'NONE', *, *, #254, .T. ) ;
#31 = CYLINDRICAL_SURFACE ( 'NONE', #2320, 0.02499999999999995628 ) ;
#32 = EDGE_LOOP ( 'NONE', ( #734, #2871, #588, #2542 ) ) ;
#33 = VECTOR ( 'NONE', #907, 1000.000000000000000 ) ;
#34 = UNCERTAINTY_MEASURE_WITH_UNIT (LENGTH_MEASURE( 1.000000000000000082E-05 ), #2357, 'distance_accuracy_value', 'NONE');
#35 = EDGE_CURVE ( 'NONE', #1251, #1261, #2683, .T. ) ;
#36 = VERTEX_POINT ( 'NONE', #526 ) ;
#37 = AXIS2_PLACEMENT_3D ( 'NONE', #2732, #2201, #290 ) ;
#38 = DIRECTION ( 'NONE',  ( 0.7071067811865507924, 0.000000000000000000, 0.7071067811865441310 ) ) ;
#39 = CARTESIAN_POINT ( 'NONE',  ( 0.2499999999999999445, 0.000000000000000000, 0.3500000000000002554 ) ) ;
#40 = CARTESIAN_POINT ( 'NONE',  ( -0.7300000000000002043, -5.421010862427522170E-17, 0.8300000000000002931 ) ) ;
#41 = AXIS2_PLACEMENT_3D ( 'NONE', #1473, #2558, #2293 ) ;
#42 = DIRECTION ( 'NONE',  ( -1.000000000000000000, -0.000000000000000000, -0.000000000000000000 ) ) ;
#43 = DIRECTION ( 'NONE',  ( -1.000000000000000000, -0.000000000000000000, -2.085004177856740055E-16 ) ) ;
#44 = CARTESIAN_POINT ( 'NONE',  ( -0.5199999999999999067, 0.5000000000000000000, 0.8750000000000003331 ) ) ;
#45 = AXIS2_PLACEMENT_3D ( 'NONE', #3135, #148, #1219 ) ;
#46 = ADVANCED_FACE ( 'NONE', ( #1614 ), #1858, .T. ) ;
#47 = EDGE_LOOP ( 'NONE', ( #2955, #978, #3391, #122 ) ) ;
#48 = AXIS2_PLACEMENT_3D ( 'NONE', #144, #1500, #1215 ) ;
#49 = DIRECTION ( 'NONE',  ( 0.7071067811865503483, 0.000000000000000000, 0.7071067811865446862 ) ) ;
#50 = DIRECTION ( 'NONE',  ( -0.000000000000000000, -1.000000000000000000, -0.000000000000000000 ) ) ;
#51 = CARTESIAN_POINT ( 'NONE',  ( 0.2500000000000000000, 0.1275000000000000022, 1.000000000000000222 ) ) ;
#52 = COLOUR_RGB ( '',0.9686274509803921573, 0.8784313725490195957, 0.5999999999999999778 ) ;
#53 = ORIENTED_EDGE ( 'NONE', *, *, #1162, .F. ) ;
#54 = CARTESIAN_POINT ( 'NONE',  ( 0.4500000000000001776, 0.9789693182963199458, -0.3500000000000003109 ) ) ;
#55 = CIRCLE ( 'NONE', #226, 0.1000000000000002554 ) ;
#56 = LINE ( 'NONE', #2228, #320 ) ;
#57 = ORIENTED_EDGE ( 'NONE', *, *, #2940, .T. ) ;
#58 = DIRECTION ( 'NONE',  ( 1.000000000000000000, -1.235990476633477327E-13, 0.000000000000000000 ) ) ;
#59 = VERTEX_POINT ( 'NONE', #2133 ) ;
#60 = FACE_OUTER_BOUND ( 'NONE', #3236, .T. ) ;
#61 = CARTESIAN_POINT ( 'NONE',  ( -0.2499999999999998890, 0.9789693182963199458, -0.5899999999999976374 ) ) ;
#62 = EDGE_CURVE ( 'NONE', #463, #2207, #1628, .T. ) ;
#63 = DIRECTION ( 'NONE',  ( -1.000000000000000000, 3.717264591378908295E-15, -7.434529182757816589E-15 ) ) ;
#64 = SURFACE_STYLE_USAGE ( .BOTH. , #1155 ) ;
#65 = ORIENTED_EDGE ( 'NONE', *, *, #864, .F. ) ;
#66 = DIRECTION ( 'NONE',  ( 0.000000000000000000, 1.000000000000000000, 0.000000000000000000 ) ) ;
#67 = EDGE_CURVE ( 'NONE', #1493, #1820, #1879, .T. ) ;
#68 = VERTEX_POINT ( 'NONE', #2694 ) ;
#69 = EDGE_CURVE ( 'NONE', #702, #1274, #3243, .T. ) ;
#70 = CARTESIAN_POINT ( 'NONE',  ( 0.7999999999999999334, 0.2500000000000000000, 0.9000000000000001332 ) ) ;
#71 = LINE ( 'NONE', #1956, #2604 ) ;
#72 =( NAMED_UNIT ( * ) PLANE_ANGLE_UNIT ( ) SI_UNIT ( $, .RADIAN. ) );
#73 = VERTEX_POINT ( 'NONE', #1317 ) ;
#74 = DIRECTION ( 'NONE',  ( 0.000000000000000000, 1.000000000000000000, 0.000000000000000000 ) ) ;
#75 = ORIENTED_EDGE ( 'NONE', *, *, #1728, .F. ) ;
#76 = CARTESIAN_POINT ( 'NONE',  ( 0.6999999999999998446, 0.4049999999999999711, 0.7200000000000004174 ) ) ;
#77 = ORIENTED_EDGE ( 'NONE', *, *, #764, .F. ) ;
#78 = DIRECTION ( 'NONE',  ( -1.000000000000000000, 0.000000000000000000, -5.706327223607922485E-16 ) ) ;
#79 = VERTEX_POINT ( 'NONE', #1331 ) ;
#80 = CARTESIAN_POINT ( 'NONE',  ( -0.5199999999999999067, 0.4049999999999999711, -0.9200000000000001510 ) ) ;
#81 = DIRECTION ( 'NONE',  ( 2.258754526011467242E-16, 0.000000000000000000, -1.000000000000000000 ) ) ;
#82 = CARTESIAN_POINT ( 'NONE',  ( -0.8000000000000003775, 0.000000000000000000, 0.3500000000000000333 ) ) ;
#83 = DIRECTION ( 'NONE',  ( -7.529181753371558706E-17, 0.000000000000000000, 1.000000000000000000 ) ) ;
#84 = EDGE_LOOP ( 'NONE', ( #810, #2839, #1657, #2627 ) ) ;
#85 = CARTESIAN_POINT ( 'NONE',  ( 0.2500000000000001110, 0.9789693182963199458, -0.9300000000000001599 ) ) ;
#86 = ADVANCED_FACE ( 'NONE', ( #2421 ), #1066, .T. ) ;
#87 = CARTESIAN_POINT ( 'NONE',  ( 0.8000000000000003775, 0.000000000000000000, -0.8999999999999995781 ) ) ;
#88 = CARTESIAN_POINT ( 'NONE',  ( 0.5199999999999999067, 3.280350850198277435, 0.9000000000000003553 ) ) ;
#89 = CARTESIAN_POINT ( 'NONE',  ( -0.6750000000000001554, 0.4749999999999999778, -5.082197683525803883E-17 ) ) ;
#90 = FACE_OUTER_BOUND ( 'NONE', #1751, .T. ) ;
#91 = ORIENTED_EDGE ( 'NONE', *, *, #2079, .T. ) ;
#92 = ORIENTED_EDGE ( 'NONE', *, *, #997, .T. ) ;
#93 = ADVANCED_FACE ( 'NONE', ( #770 ), #2949, .T. ) ;
#94 = VERTEX_POINT ( 'NONE', #227 ) ;
#95 = DIRECTION ( 'NONE',  ( -0.000000000000000000, -1.000000000000000000, -0.000000000000000000 ) ) ;
#96 = ORIENTED_EDGE ( 'NONE', *, *, #3115, .T. ) ;
#97 = CARTESIAN_POINT ( 'NONE',  ( -0.7000000000000000666, 0.4750000000000010325, 0.7200000000000001954 ) ) ;
#98 = CARTESIAN_POINT ( 'NONE',  ( 0.2499999999999997780, 0.1275000000000000022, 1.000000000000000000 ) ) ;
#99 = VECTOR ( 'NONE', #809, 1000.000000000000000 ) ;
#100 = CARTESIAN_POINT ( 'NONE',  ( 0.4500000000000004552, 0.000000000000000000, -0.3499999999999999778 ) ) ;
#101 = VECTOR ( 'NONE', #3095, 1000.000000000000000 ) ;
#102 = DIRECTION ( 'NONE',  ( 0.000000000000000000, -1.000000000000000000, 0.000000000000000000 ) ) ;
#103 = PLANE ( 'NONE',  #1291 ) ;
#104 = VECTOR ( 'NONE', #2021, 1000.000000000000000 ) ;
#105 = LINE ( 'NONE', #2537, #3245 ) ;
#106 = ORIENTED_EDGE ( 'NONE', *, *, #611, .F. ) ;
#107 = VECTOR ( 'NONE', #1269, 1000.000000000000000 ) ;
#108 = LINE ( 'NONE', #1975, #310 ) ;
#109 = CARTESIAN_POINT ( 'NONE',  ( 0.5199999999999999067, 3.280350850198277435, 0.7200000000000004174 ) ) ;
#110 = DIRECTION ( 'NONE',  ( -0.7071067811865502373, 0.000000000000000000, -0.7071067811865447972 ) ) ;
#111 = ORIENTED_EDGE ( 'NONE', *, *, #3276, .F. ) ;
#112 = EDGE_CURVE ( 'NONE', #1731, #1194, #2667, .T. ) ;
#113 = ADVANCED_FACE ( 'NONE', ( #2441 ), #2933, .F. ) ;
#114 = CIRCLE ( 'NONE', #2052, 0.05999999999999994227 ) ;
#115 = CARTESIAN_POINT ( 'NONE',  ( -0.5199999999999996847, 0.2549999999999998934, 0.9550000000000002931 ) ) ;
#116 = CARTESIAN_POINT ( 'NONE',  ( 0.5199999999999999067, 0.4049999999999999711, 0.7200000000000004174 ) ) ;
#117 = ORIENTED_EDGE ( 'NONE', *, *, #368, .T. ) ;
#118 = CIRCLE ( 'NONE', #1821, 0.02499999999999995628 ) ;
#119 = ADVANCED_FACE ( 'NONE', ( #2195 ), #1044, .T. ) ;
#120 = VERTEX_POINT ( 'NONE', #1353 ) ;
#121 = CARTESIAN_POINT ( 'NONE',  ( 0.2499999999999999445, 0.000000000000000000, 0.3500000000000002554 ) ) ;
#122 = ORIENTED_EDGE ( 'NONE', *, *, #719, .T. ) ;
#123 = LINE ( 'NONE', #2822, #1334 ) ;
#124 = AXIS2_PLACEMENT_3D ( 'NONE', #2515, #1198, #2823 ) ;
#125 = DIRECTION ( 'NONE',  ( -0.000000000000000000, 1.000000000000000000, -0.000000000000000000 ) ) ;
#126 = DIRECTION ( 'NONE',  ( 1.000000000000000000, -0.000000000000000000, 3.388131789017201356E-16 ) ) ;
#127 = EDGE_LOOP ( 'NONE', ( #1953, #2856, #1982, #77 ) ) ;
#128 = DIRECTION ( 'NONE',  ( -0.000000000000000000, -0.000000000000000000, -1.000000000000000000 ) ) ;
#129 = CARTESIAN_POINT ( 'NONE',  ( 0.5200000000000000178, 0.4049999999999999711, -0.7200000000000000844 ) ) ;
#130 = DIRECTION ( 'NONE',  ( 1.000000000000000000, 0.000000000000000000, 0.000000000000000000 ) ) ;
#131 = EDGE_LOOP ( 'NONE', ( #2408, #2786, #3214, #807 ) ) ;
#132 = VECTOR ( 'NONE', #3209, 1000.000000000000000 ) ;
#133 = PLANE ( 'NONE',  #512 ) ;
#134 = DIRECTION ( 'NONE',  ( 1.000000000000000000, 0.000000000000000000, 0.000000000000000000 ) ) ;
#135 = VERTEX_POINT ( 'NONE', #2393 ) ;
#136 = ORIENTED_EDGE ( 'NONE', *, *, #69, .F. ) ;
#137 = CARTESIAN_POINT ( 'NONE',  ( -0.5199999999999995737, 0.5000000000000000000, -0.7200000000000000844 ) ) ;
#138 = EDGE_CURVE ( 'NONE', #2984, #2929, #1895, .T. ) ;
#139 = VERTEX_POINT ( 'NONE', #819 ) ;
#140 = DIRECTION ( 'NONE',  ( -2.258754526011467242E-16, 0.000000000000000000, 1.000000000000000000 ) ) ;
#141 = EDGE_CURVE ( 'NONE', #433, #3340, #2995, .T. ) ;
#142 = CARTESIAN_POINT ( 'NONE',  ( 0.7300000000000002043, 0.1275000000000000022, -0.8299999999999999600 ) ) ;
#143 = ORIENTED_EDGE ( 'NONE', *, *, #1625, .T. ) ;
#144 = CARTESIAN_POINT ( 'NONE',  ( 0.6299999999999998934, 0.9789693182963199458, -0.9299999999999999378 ) ) ;
#145 = ADVANCED_FACE ( 'NONE', ( #1033 ), #2457, .F. ) ;
#146 = CARTESIAN_POINT ( 'NONE',  ( -0.8000000000000001554, 0.1275000000000000022, -0.8999999999999999112 ) ) ;
#147 = ORIENTED_EDGE ( 'NONE', *, *, #1032, .F. ) ;
#148 = DIRECTION ( 'NONE',  ( 0.000000000000000000, 0.000000000000000000, -1.000000000000000000 ) ) ;
#149 = ORIENTED_EDGE ( 'NONE', *, *, #1661, .T. ) ;
#150 = CARTESIAN_POINT ( 'NONE',  ( 0.7999999999999999334, 0.1275000000000000022, 1.000000000000000000 ) ) ;
#151 = DIRECTION ( 'NONE',  ( 0.000000000000000000, 1.000000000000000000, 0.000000000000000000 ) ) ;
#152 = ORIENTED_EDGE ( 'NONE', *, *, #218, .F. ) ;
#153 = MANIFOLD_SOLID_BREP ( 'Boss-Extrude5', #1943 ) ;
#154 = CARTESIAN_POINT ( 'NONE',  ( 0.5199999999999999067, 0.5000000000000000000, 0.7200000000000003064 ) ) ;
#155 = ORIENTED_EDGE ( 'NONE', *, *, #885, .F. ) ;
#156 = ADVANCED_FACE ( 'NONE', ( #379 ), #1845, .F. ) ;
#157 = LINE ( 'NONE', #902, #2852 ) ;
#158 = ORIENTED_EDGE ( 'NONE', *, *, #3400, .F. ) ;
#159 = DIRECTION ( 'NONE',  ( -0.000000000000000000, -0.000000000000000000, -1.000000000000000000 ) ) ;
#160 = VECTOR ( 'NONE', #2587, 1000.000000000000000 ) ;
#161 = LINE ( 'NONE', #2348, #1872 ) ;
#162 = DIRECTION ( 'NONE',  ( 0.000000000000000000, 1.000000000000000000, 0.000000000000000000 ) ) ;
#163 = ADVANCED_FACE ( 'NONE', ( #3274 ), #3031, .F. ) ;
#164 = VECTOR ( 'NONE', #1678, 1000.000000000000000 ) ;
#165 = ORIENTED_EDGE ( 'NONE', *, *, #2197, .T. ) ;
#166 = VECTOR ( 'NONE', #110, 1000.000000000000227 ) ;
#167 = DIRECTION ( 'NONE',  ( -0.000000000000000000, -1.000000000000000000, -0.000000000000000000 ) ) ;
#168 = FACE_OUTER_BOUND ( 'NONE', #984, .T. ) ;
#169 = ORIENTED_EDGE ( 'NONE', *, *, #2777, .T. ) ;
#170 = VECTOR ( 'NONE', #2522, 1000.000000000000000 ) ;
#171 = VECTOR ( 'NONE', #1928, 1000.000000000000000 ) ;
#172 = ORIENTED_EDGE ( 'NONE', *, *, #3306, .F. ) ;
#173 = MANIFOLD_SOLID_BREP ( 'Boss-Extrude6[1]', #2864 ) ;
#174 = EDGE_LOOP ( 'NONE', ( #1562, #2677, #847, #784 ) ) ;
#175 = PLANE ( 'NONE',  #1002 ) ;
#176 = LINE ( 'NONE', #655, #1345 ) ;
#177 = VECTOR ( 'NONE', #837, 1000.000000000000000 ) ;
#178 = DIRECTION ( 'NONE',  ( -1.000000000000000000, 0.000000000000000000, 0.000000000000000000 ) ) ;
#179 = CARTESIAN_POINT ( 'NONE',  ( 0.7300000000000000933, 0.000000000000000000, 0.3500000000000002554 ) ) ;
#180 = EDGE_CURVE ( 'NONE', #2697, #2383, #1666, .T. ) ;
#181 = ORIENTED_EDGE ( 'NONE', *, *, #1356, .F. ) ;
#182 = EDGE_CURVE ( 'NONE', #1820, #909, #2534, .T. ) ;
#183 = LINE ( 'NONE', #1506, #3335 ) ;
#184 = ORIENTED_EDGE ( 'NONE', *, *, #2358, .T. ) ;
#185 = ORIENTED_EDGE ( 'NONE', *, *, #821, .T. ) ;
#186 = VECTOR ( 'NONE', #3384, 1000.000000000000000 ) ;
#187 =( NAMED_UNIT ( * ) PLANE_ANGLE_UNIT ( ) SI_UNIT ( $, .RADIAN. ) );
#188 = CARTESIAN_POINT ( 'NONE',  ( 0.7300000000000002043, 0.1275000000000000022, -0.8299999999999999600 ) ) ;
#189 = DIRECTION ( 'NONE',  ( 1.000000000000000000, 0.000000000000000000, 0.000000000000000000 ) ) ;
#190 = ORIENTED_EDGE ( 'NONE', *, *, #665, .T. ) ;
#191 = CARTESIAN_POINT ( 'NONE',  ( 0.7300000000000002043, 0.1275000000000000022, -0.8299999999999999600 ) ) ;
#192 = DIRECTION ( 'NONE',  ( -0.000000000000000000, -1.000000000000000000, -0.000000000000000000 ) ) ;
#193 = CYLINDRICAL_SURFACE ( 'NONE', #3417, 0.08749999999999946709 ) ;
#194 = CARTESIAN_POINT ( 'NONE',  ( 0.000000000000000000, 0.000000000000000000, 1.000000000000000000 ) ) ;
#195 = EDGE_LOOP ( 'NONE', ( #2089, #1995, #1577, #3289 ) ) ;
#196 = ADVANCED_FACE ( 'NONE', ( #3054 ), #1725, .F. ) ;
#197 = LINE ( 'NONE', #1271, #1464 ) ;
#198 = ORIENTED_EDGE ( 'NONE', *, *, #3178, .F. ) ;
#199 = VERTEX_POINT ( 'NONE', #87 ) ;
#200 = DIRECTION ( 'NONE',  ( -1.000000000000000000, 0.000000000000000000, 0.000000000000000000 ) ) ;
#201 =( GEOMETRIC_REPRESENTATION_CONTEXT ( 3 ) GLOBAL_UNCERTAINTY_ASSIGNED_CONTEXT ( ( #2209 ) ) GLOBAL_UNIT_ASSIGNED_CONTEXT ( ( #1228, #2643, #1840 ) ) REPRESENTATION_CONTEXT ( 'NONE', 'WORKASPACE' ) );
#202 = EDGE_CURVE ( 'NONE', #940, #517, #327, .T. ) ;
#203 = ORIENTED_EDGE ( 'NONE', *, *, #895, .T. ) ;
#204 = FACE_OUTER_BOUND ( 'NONE', #913, .T. ) ;
#205 = DIRECTION ( 'NONE',  ( -0.000000000000000000, -1.000000000000000000, -0.000000000000000000 ) ) ;
#206 = CARTESIAN_POINT ( 'NONE',  ( -0.5199999999999999067, 0.4049999999999999711, 0.9200000000000000400 ) ) ;
#207 = LINE ( 'NONE', #2651, #2484 ) ;
#208 = AXIS2_PLACEMENT_3D ( 'NONE', #2521, #596, #2768 ) ;
#209 = ORIENTED_EDGE ( 'NONE', *, *, #1036, .T. ) ;
#210 = AXIS2_PLACEMENT_3D ( 'NONE', #283, #3508, #1060 ) ;
#211 = FACE_OUTER_BOUND ( 'NONE', #1619, .T. ) ;
#212 = ORIENTED_EDGE ( 'NONE', *, *, #1216, .T. ) ;
#213 = EDGE_CURVE ( 'NONE', #1006, #693, #2017, .T. ) ;
#214 = VECTOR ( 'NONE', #3157, 1000.000000000000000 ) ;
#215 = EDGE_LOOP ( 'NONE', ( #561, #3166, #1874, #2684 ) ) ;
#216 = DIRECTION ( 'NONE',  ( 4.627122202067982825E-16, 1.000000000000000000, -4.627122202067986770E-16 ) ) ;
#217 = AXIS2_PLACEMENT_3D ( 'NONE', #440, #1798, #3114 ) ;
#218 = EDGE_CURVE ( 'NONE', #3125, #3168, #2239, .T. ) ;
#219 = VECTOR ( 'NONE', #1315, 1000.000000000000000 ) ;
#220 = EDGE_CURVE ( 'NONE', #2588, #3387, #3302, .T. ) ;
#221 = ORIENTED_EDGE ( 'NONE', *, *, #2713, .F. ) ;
#222 = CARTESIAN_POINT ( 'NONE',  ( 0.2500000000000001665, 0.9789693182963199458, -0.5500000000000003775 ) ) ;
#223 = CARTESIAN_POINT ( 'NONE',  ( -0.8000000000000001554, 0.2500000000000000000, 0.8999999999999999112 ) ) ;
#224 = AXIS2_PLACEMENT_3D ( 'NONE', #21, #899, #1664 ) ;
#225 = AXIS2_PLACEMENT_3D ( 'NONE', #116, #583, #1165 ) ;
#226 = AXIS2_PLACEMENT_3D ( 'NONE', #1748, #664, #2285 ) ;
#227 = CARTESIAN_POINT ( 'NONE',  ( 0.7199999999999999734, 0.4049999999999999711, 0.7200000000000004174 ) ) ;
#228 = LINE ( 'NONE', #3244, #2266 ) ;
#229 = VERTEX_POINT ( 'NONE', #618 ) ;
#230 = DIRECTION ( 'NONE',  ( 1.000000000000000000, 0.000000000000000000, 0.000000000000000000 ) ) ;
#231 = ORIENTED_EDGE ( 'NONE', *, *, #1813, .T. ) ;
#232 = CYLINDRICAL_SURFACE ( 'NONE', #1862, 0.02499999999999995628 ) ;
#233 = EDGE_CURVE ( 'NONE', #2548, #2588, #105, .T. ) ;
#234 = AXIS2_PLACEMENT_3D ( 'NONE', #1881, #3261, #880 ) ;
#235 = ORIENTED_EDGE ( 'NONE', *, *, #2467, .T. ) ;
#236 = DIRECTION ( 'NONE',  ( 1.000000000000000000, 0.000000000000000000, 0.000000000000000000 ) ) ;
#237 = LINE ( 'NONE', #1282, #1866 ) ;
#238 = DIRECTION ( 'NONE',  ( 0.000000000000000000, 0.000000000000000000, 1.000000000000000000 ) ) ;
#239 = CARTESIAN_POINT ( 'NONE',  ( -0.6299999999999998934, 0.1275000000000000022, 0.9300000000000002709 ) ) ;
#240 = DIRECTION ( 'NONE',  ( 0.000000000000000000, 1.000000000000000000, 0.000000000000000000 ) ) ;
#241 = EDGE_CURVE ( 'NONE', #884, #629, #1718, .T. ) ;
#242 = ORIENTED_EDGE ( 'NONE', *, *, #2523, .F. ) ;
#243 = FACE_OUTER_BOUND ( 'NONE', #2938, .T. ) ;
#244 = CARTESIAN_POINT ( 'NONE',  ( 0.7999999999999999334, 0.000000000000000000, 0.000000000000000000 ) ) ;
#245 = VERTEX_POINT ( 'NONE', #865 ) ;
#246 = CARTESIAN_POINT ( 'NONE',  ( 0.7299999999999999822, 0.1275000000000000022, 0.8300000000000004041 ) ) ;
#247 = ORIENTED_EDGE ( 'NONE', *, *, #864, .T. ) ;
#248 = CARTESIAN_POINT ( 'NONE',  ( -0.6299999999999996714, 0.1275000000000000022, -0.9300000000000002709 ) ) ;
#249 = CYLINDRICAL_SURFACE ( 'NONE', #1058, 0.1000000000000002554 ) ;
#250 = EDGE_CURVE ( 'NONE', #2078, #1059, #679, .T. ) ;
#251 = LINE ( 'NONE', #1135, #2621 ) ;
#252 = CARTESIAN_POINT ( 'NONE',  ( 0.7999999999999999334, 0.2500000000000000000, 0.8999999999999999112 ) ) ;
#253 = DIRECTION ( 'NONE',  ( 0.000000000000000000, 1.000000000000000000, 0.000000000000000000 ) ) ;
#254 = EDGE_CURVE ( 'NONE', #36, #1773, #2565, .T. ) ;
#255 = VERTEX_POINT ( 'NONE', #3365 ) ;
#256 = CARTESIAN_POINT ( 'NONE',  ( -0.6999999999999999556, 0.4750000000000010325, -0.7200000000000000844 ) ) ;
#257 = EDGE_CURVE ( 'NONE', #980, #1597, #751, .T. ) ;
#258 = CARTESIAN_POINT ( 'NONE',  ( 0.5199999999999999067, 0.3249999999999999001, 1.007499999999999174 ) ) ;
#259 = VECTOR ( 'NONE', #2466, 1000.000000000000000 ) ;
#260 = VECTOR ( 'NONE', #816, 1000.000000000000000 ) ;
#261 = CARTESIAN_POINT ( 'NONE',  ( -0.7300000000000002043, 0.1275000000000000022, 0.3500000000000000333 ) ) ;
#262 = AXIS2_PLACEMENT_3D ( 'NONE', #2319, #1730, #2817 ) ;
#263 = CIRCLE ( 'NONE', #41, 0.05999999999999994227 ) ;
#264 = VECTOR ( 'NONE', #2351, 1000.000000000000000 ) ;
#265 = ORIENTED_EDGE ( 'NONE', *, *, #1437, .T. ) ;
#266 = FACE_OUTER_BOUND ( 'NONE', #1023, .T. ) ;
#267 = CARTESIAN_POINT ( 'NONE',  ( -0.7299999999999998712, 0.1275000000000000022, -0.8299999999999999600 ) ) ;
#268 = DIRECTION ( 'NONE',  ( 0.000000000000000000, 1.000000000000000000, 0.000000000000000000 ) ) ;
#269 = DIRECTION ( 'NONE',  ( -1.000000000000000000, -0.000000000000000000, -0.000000000000000000 ) ) ;
#270 = VECTOR ( 'NONE', #192, 1000.000000000000000 ) ;
#271 = CARTESIAN_POINT ( 'NONE',  ( -0.7000000000000000666, 0.1275000000000000022, 1.000000000000000000 ) ) ;
#272 = ORIENTED_EDGE ( 'NONE', *, *, #1456, .F. ) ;
#273 = STYLED_ITEM ( 'NONE', ( #735 ), #2496 ) ;
#274 = ADVANCED_FACE ( 'NONE', ( #1706 ), #1436, .T. ) ;
#275 = DIRECTION ( 'NONE',  ( -1.000000000000000000, 0.000000000000000000, 0.000000000000000000 ) ) ;
#276 = VECTOR ( 'NONE', #653, 1000.000000000000000 ) ;
#277 = ORIENTED_EDGE ( 'NONE', *, *, #2688, .T. ) ;
#278 = EDGE_CURVE ( 'NONE', #1192, #767, #2747, .T. ) ;
#279 = ORIENTED_EDGE ( 'NONE', *, *, #2556, .F. ) ;
#280 = CARTESIAN_POINT ( 'NONE',  ( 0.8000000000000003775, 0.000000000000000000, -0.9300000000000001599 ) ) ;
#281 = ORIENTED_EDGE ( 'NONE', *, *, #1197, .T. ) ;
#282 = ORIENTED_EDGE ( 'NONE', *, *, #841, .F. ) ;
#283 = CARTESIAN_POINT ( 'NONE',  ( -0.8000000000000001554, 0.9789693182963199458, -1.000000000000000000 ) ) ;
#284 = PLANE ( 'NONE',  #448 ) ;
#285 = CARTESIAN_POINT ( 'NONE',  ( 0.5200000000000000178, 0.4049999999999999711, -0.7200000000000000844 ) ) ;
#286 = DIRECTION ( 'NONE',  ( -1.129377263005733868E-16, 0.000000000000000000, -1.000000000000000000 ) ) ;
#287 = DIRECTION ( 'NONE',  ( 0.000000000000000000, 1.000000000000000000, 0.000000000000000000 ) ) ;
#288 = VECTOR ( 'NONE', #3321, 1000.000000000000000 ) ;
#289 = EDGE_LOOP ( 'NONE', ( #863, #466 ) ) ;
#290 = DIRECTION ( 'NONE',  ( 1.000000000000000000, 0.000000000000000000, 1.936075308009828727E-15 ) ) ;
#291 = DIRECTION ( 'NONE',  ( 1.000000000000000000, 0.000000000000000000, 0.000000000000000000 ) ) ;
#292 = ORIENTED_EDGE ( 'NONE', *, *, #2998, .F. ) ;
#293 = EDGE_CURVE ( 'NONE', #498, #1951, #2798, .T. ) ;
#294 = DIRECTION ( 'NONE',  ( -0.000000000000000000, -0.000000000000000000, -1.000000000000000000 ) ) ;
#295 = VERTEX_POINT ( 'NONE', #303 ) ;
#296 = ADVANCED_FACE ( 'NONE', ( #3343 ), #1998, .F. ) ;
#297 = ORIENTED_EDGE ( 'NONE', *, *, #540, .T. ) ;
#298 = DIRECTION ( 'NONE',  ( -1.000000000000000000, 0.000000000000000000, 0.000000000000000000 ) ) ;
#299 = DIRECTION ( 'NONE',  ( -0.7071067811865477948, 0.000000000000000000, 0.7071067811865473507 ) ) ;
#300 = DIRECTION ( 'NONE',  ( 0.000000000000000000, 1.000000000000000000, 0.000000000000000000 ) ) ;
#301 = CARTESIAN_POINT ( 'NONE',  ( -0.8000000000000001554, 0.2500000000000000000, 1.000000000000000000 ) ) ;
#302 = EDGE_LOOP ( 'NONE', ( #1644, #763, #1585, #749, #421, #2835, #2479 ) ) ;
#303 = CARTESIAN_POINT ( 'NONE',  ( 0.5200000000000000178, 0.4049999999999999711, -0.9000000000000002442 ) ) ;
#304 = DIRECTION ( 'NONE',  ( 0.7071067811865491270, 0.000000000000000000, -0.7071067811865459074 ) ) ;
#305 = CARTESIAN_POINT ( 'NONE',  ( -0.8000000000000000444, 0.000000000000000000, 0.8999999999999999112 ) ) ;
#306 = ORIENTED_EDGE ( 'NONE', *, *, #2759, .F. ) ;
#307 = CARTESIAN_POINT ( 'NONE',  ( -0.8000000000000003775, 0.9789693182963199458, 1.000000000000000000 ) ) ;
#308 = ADVANCED_FACE ( 'NONE', ( #1457 ), #2280, .F. ) ;
#309 = ORIENTED_EDGE ( 'NONE', *, *, #2010, .F. ) ;
#310 = VECTOR ( 'NONE', #1936, 1000.000000000000000 ) ;
#311 = UNCERTAINTY_MEASURE_WITH_UNIT (LENGTH_MEASURE( 1.000000000000000082E-05 ), #838, 'distance_accuracy_value', 'NONE');
#312 = DIRECTION ( 'NONE',  ( 7.529181753371558706E-17, -0.000000000000000000, -1.000000000000000000 ) ) ;
#313 = EDGE_CURVE ( 'NONE', #2585, #1662, #1724, .T. ) ;
#314 = ORIENTED_EDGE ( 'NONE', *, *, #2857, .F. ) ;
#315 = VECTOR ( 'NONE', #38, 1000.000000000000114 ) ;
#316 = FACE_OUTER_BOUND ( 'NONE', #2385, .T. ) ;
#317 = CARTESIAN_POINT ( 'NONE',  ( 0.7299999999999999822, 0.9789693182963199458, 0.8300000000000004041 ) ) ;
#318 = DIRECTION ( 'NONE',  ( -0.7071067811865474617, 0.000000000000000000, -0.7071067811865475727 ) ) ;
#319 = EDGE_CURVE ( 'NONE', #1192, #1753, #1202, .T. ) ;
#320 = VECTOR ( 'NONE', #1446, 1000.000000000000000 ) ;
#321 = CARTESIAN_POINT ( 'NONE',  ( -0.8000000000000003775, 0.1275000000000000022, 1.000000000000000000 ) ) ;
#322 = ORIENTED_EDGE ( 'NONE', *, *, #560, .T. ) ;
#323 = CARTESIAN_POINT ( 'NONE',  ( -0.5799999999999995159, 0.5000000000000000000, -0.7200000000000000844 ) ) ;
#324 = VECTOR ( 'NONE', #1483, 1000.000000000000000 ) ;
#325 = VERTEX_POINT ( 'NONE', #1236 ) ;
#326 = VECTOR ( 'NONE', #2404, 1000.000000000000000 ) ;
#327 = LINE ( 'NONE', #1140, #1834 ) ;
#328 = CARTESIAN_POINT ( 'NONE',  ( 0.2500000000000001110, 0.1275000000000000022, -0.9300000000000002709 ) ) ;
#329 = DIRECTION ( 'NONE',  ( 0.000000000000000000, 0.000000000000000000, -1.000000000000000000 ) ) ;
#330 = AXIS2_PLACEMENT_3D ( 'NONE', #2449, #828, #2432 ) ;
#331 = ORIENTED_EDGE ( 'NONE', *, *, #1072, .T. ) ;
#332 =( NAMED_UNIT ( * ) SI_UNIT ( $, .STERADIAN. ) SOLID_ANGLE_UNIT ( ) );
#333 = AXIS2_PLACEMENT_3D ( 'NONE', #2122, #2619, #178 ) ;
#334 = ORIENTED_EDGE ( 'NONE', *, *, #483, .T. ) ;
#335 = CYLINDRICAL_SURFACE ( 'NONE', #778, 0.2000000000000000944 ) ;
#336 = ORIENTED_EDGE ( 'NONE', *, *, #1117, .T. ) ;
#337 = PLANE ( 'NONE',  #510 ) ;
#338 = ORIENTED_EDGE ( 'NONE', *, *, #938, .F. ) ;
#339 = LINE ( 'NONE', #2845, #3504 ) ;
#340 = CARTESIAN_POINT ( 'NONE',  ( 0.4500000000000003442, 0.000000000000000000, -0.3500000000000000333 ) ) ;
#341 = EDGE_CURVE ( 'NONE', #896, #2151, #471, .T. ) ;
#342 = FACE_OUTER_BOUND ( 'NONE', #3436, .T. ) ;
#343 = ORIENTED_EDGE ( 'NONE', *, *, #3524, .F. ) ;
#344 = DIRECTION ( 'NONE',  ( -0.7071067811865496822, 0.000000000000000000, 0.7071067811865453523 ) ) ;
#345 = DIRECTION ( 'NONE',  ( 0.000000000000000000, -1.000000000000000000, 0.000000000000000000 ) ) ;
#346 = FACE_OUTER_BOUND ( 'NONE', #853, .T. ) ;
#347 = EDGE_CURVE ( 'NONE', #1522, #1820, #2363, .T. ) ;
#348 = AXIS2_PLACEMENT_3D ( 'NONE', #1256, #2350, #725 ) ;
#349 = VERTEX_POINT ( 'NONE', #1284 ) ;
#350 = LINE ( 'NONE', #848, #2987 ) ;
#351 = VERTEX_POINT ( 'NONE', #3163 ) ;
#352 = DIRECTION ( 'NONE',  ( 0.7071067811865486830, 0.000000000000000000, 0.7071067811865464625 ) ) ;
#353 = ORIENTED_EDGE ( 'NONE', *, *, #1333, .F. ) ;
#354 = LINE ( 'NONE', #2511, #2903 ) ;
#355 = ORIENTED_EDGE ( 'NONE', *, *, #3276, .T. ) ;
#356 = DIRECTION ( 'NONE',  ( -1.000000000000000000, 0.000000000000000000, -2.258754526011467242E-16 ) ) ;
#357 = LINE ( 'NONE', #98, #787 ) ;
#358 = DIRECTION ( 'NONE',  ( 1.000000000000000000, 0.000000000000000000, 0.000000000000000000 ) ) ;
#359 = ORIENTED_EDGE ( 'NONE', *, *, #2369, .F. ) ;
#360 = LINE ( 'NONE', #593, #2379 ) ;
#361 = ADVANCED_FACE ( 'NONE', ( #1831 ), #957, .T. ) ;
#362 = CARTESIAN_POINT ( 'NONE',  ( -0.8000000000000000444, 0.2500000000000000000, 0.8999999999999998002 ) ) ;
#363 = DIRECTION ( 'NONE',  ( -2.085004177856740055E-16, 0.000000000000000000, 1.000000000000000000 ) ) ;
#364 = DIRECTION ( 'NONE',  ( 0.000000000000000000, -1.000000000000000000, 0.000000000000000000 ) ) ;
#365 = ADVANCED_FACE ( 'NONE', ( #3133 ), #972, .F. ) ;
#366 = CARTESIAN_POINT ( 'NONE',  ( -0.6299999999999995604, 0.1275000000000000022, -0.9300000000000002709 ) ) ;
#367 = ORIENTED_EDGE ( 'NONE', *, *, #1144, .F. ) ;
#368 = EDGE_CURVE ( 'NONE', #1572, #2862, #2380, .T. ) ;
#369 = LINE ( 'NONE', #2546, #2543 ) ;
#370 = FILL_AREA_STYLE_COLOUR ( '', #3005 ) ;
#371 = ORIENTED_EDGE ( 'NONE', *, *, #1934, .T. ) ;
#372 = VERTEX_POINT ( 'NONE', #423 ) ;
#373 = DIRECTION ( 'NONE',  ( 0.000000000000000000, 1.000000000000000000, 0.000000000000000000 ) ) ;
#374 = EDGE_LOOP ( 'NONE', ( #2453, #1940, #2673, #533 ) ) ;
#375 = DIRECTION ( 'NONE',  ( 0.7071067811865507924, 0.000000000000000000, -0.7071067811865441310 ) ) ;
#376 = VECTOR ( 'NONE', #1338, 1000.000000000000000 ) ;
#377 = AXIS2_PLACEMENT_3D ( 'NONE', #768, #2085, #3161 ) ;
#378 = CARTESIAN_POINT ( 'NONE',  ( 0.8000000000000001554, 0.9789693182963199458, 1.000000000000000222 ) ) ;
#379 = FACE_OUTER_BOUND ( 'NONE', #3372, .T. ) ;
#380 = ORIENTED_EDGE ( 'NONE', *, *, #1596, .F. ) ;
#381 = LINE ( 'NONE', #1780, #270 ) ;
#382 = AXIS2_PLACEMENT_3D ( 'NONE', #620, #291, #329 ) ;
#383 = DIRECTION ( 'NONE',  ( -1.000000000000000000, 0.000000000000000000, 0.000000000000000000 ) ) ;
#384 = TOROIDAL_SURFACE ( 'NONE', #1057, 0.2874999999999996447, 0.08749999999999963363 ) ;
#385 = DIRECTION ( 'NONE',  ( -9.346570452461244058E-17, 0.000000000000000000, 1.000000000000000000 ) ) ;
#386 = CARTESIAN_POINT ( 'NONE',  ( -0.7299999999999998712, 0.1275000000000000022, -0.8300000000000000711 ) ) ;
#387 = DIRECTION ( 'NONE',  ( 0.000000000000000000, 1.000000000000000000, 0.000000000000000000 ) ) ;
#388 = ORIENTED_EDGE ( 'NONE', *, *, #3200, .T. ) ;
#389 = CIRCLE ( 'NONE', #3412, 0.1999999999999999833 ) ;
#390 = EDGE_CURVE ( 'NONE', #2235, #1597, #3401, .T. ) ;
#391 = DIRECTION ( 'NONE',  ( -1.042502088928369904E-16, 0.000000000000000000, -1.000000000000000000 ) ) ;
#392 = CYLINDRICAL_SURFACE ( 'NONE', #1164, 0.05999999999999994227 ) ;
#393 = ORIENTED_EDGE ( 'NONE', *, *, #2923, .T. ) ;
#394 = VECTOR ( 'NONE', #2438, 1000.000000000000000 ) ;
#395 = ADVANCED_FACE ( 'NONE', ( #695 ), #2869, .T. ) ;
#396 = VECTOR ( 'NONE', #3501, 1000.000000000000000 ) ;
#397 = VERTEX_POINT ( 'NONE', #2072 ) ;
#398 = CARTESIAN_POINT ( 'NONE',  ( 0.7000000000000000666, 0.9789693182963199458, -0.9999999999999995559 ) ) ;
#399 = ORIENTED_EDGE ( 'NONE', *, *, #3440, .T. ) ;
#400 = CARTESIAN_POINT ( 'NONE',  ( -0.5799999999999995159, 0.4899999999999999911, -0.7200000000000000844 ) ) ;
#401 = EDGE_CURVE ( 'NONE', #2318, #3218, #3147, .T. ) ;
#402 = AXIS2_PLACEMENT_3D ( 'NONE', #2994, #1388, #2977 ) ;
#403 = LINE ( 'NONE', #142, #3007 ) ;
#404 = VERTEX_POINT ( 'NONE', #477 ) ;
#405 = CARTESIAN_POINT ( 'NONE',  ( 0.7299999999999999822, 0.9789693182963199458, 0.8300000000000004041 ) ) ;
#406 = DIRECTION ( 'NONE',  ( 0.7071067811865496822, -0.000000000000000000, -0.7071067811865453523 ) ) ;
#407 = ORIENTED_EDGE ( 'NONE', *, *, #3467, .F. ) ;
#408 = LINE ( 'NONE', #2037, #905 ) ;
#409 = ORIENTED_EDGE ( 'NONE', *, *, #1514, .F. ) ;
#410 = AXIS2_PLACEMENT_3D ( 'NONE', #1139, #3246, #1683 ) ;
#411 = CARTESIAN_POINT ( 'NONE',  ( -0.7000000000000000666, 0.2500000000000000000, 1.000000000000000000 ) ) ;
#412 = CARTESIAN_POINT ( 'NONE',  ( 0.2499999999999999445, 0.1275000000000000022, 0.9300000000000003819 ) ) ;
#413 = EDGE_LOOP ( 'NONE', ( #1359, #265, #1293, #190 ) ) ;
#414 = COLOUR_RGB ( '',0.9686274509803921573, 0.8784313725490195957, 0.5999999999999999778 ) ;
#415 = ADVANCED_FACE ( 'NONE', ( #1531 ), #1515, .F. ) ;
#416 = ORIENTED_EDGE ( 'NONE', *, *, #1740, .T. ) ;
#417 = FACE_OUTER_BOUND ( 'NONE', #2465, .T. ) ;
#418 = CARTESIAN_POINT ( 'NONE',  ( 0.7999999999999999334, 0.2550000000000000044, -1.000000000000000000 ) ) ;
#419 = EDGE_CURVE ( 'NONE', #3152, #404, #2087, .T. ) ;
#420 = DIRECTION ( 'NONE',  ( 0.000000000000000000, 0.000000000000000000, 1.000000000000000000 ) ) ;
#421 = ORIENTED_EDGE ( 'NONE', *, *, #2572, .F. ) ;
#422 = CARTESIAN_POINT ( 'NONE',  ( 0.6299999999999998934, 0.9789693182963199458, -0.9299999999999999378 ) ) ;
#423 = CARTESIAN_POINT ( 'NONE',  ( -0.7199999999999999734, 0.3250000000000000666, 0.7200000000000004174 ) ) ;
#424 = DIRECTION ( 'NONE',  ( 4.627122202067982825E-16, -1.000000000000000000, 4.627122202067974937E-16 ) ) ;
#425 = ORIENTED_EDGE ( 'NONE', *, *, #3237, .F. ) ;
#426 = FACE_OUTER_BOUND ( 'NONE', #2470, .T. ) ;
#427 = FACE_OUTER_BOUND ( 'NONE', #289, .T. ) ;
#428 = ORIENTED_EDGE ( 'NONE', *, *, #2518, .T. ) ;
#429 = EDGE_CURVE ( 'NONE', #73, #1588, #3197, .T. ) ;
#430 = ORIENTED_EDGE ( 'NONE', *, *, #62, .T. ) ;
#431 = DIRECTION ( 'NONE',  ( 0.000000000000000000, -1.000000000000000000, 0.000000000000000000 ) ) ;
#432 = EDGE_CURVE ( 'NONE', #1588, #1493, #2435, .T. ) ;
#433 = VERTEX_POINT ( 'NONE', #146 ) ;
#434 = VECTOR ( 'NONE', #3262, 1000.000000000000000 ) ;
#435 = CARTESIAN_POINT ( 'NONE',  ( -0.5199999999999995737, 0.4899999999999999911, -0.7200000000000000844 ) ) ;
#436 = EDGE_CURVE ( 'NONE', #3013, #1714, #1764, .T. ) ;
#437 = AXIS2_PLACEMENT_3D ( 'NONE', #1459, #564, #1420 ) ;
#438 = VECTOR ( 'NONE', #945, 1000.000000000000114 ) ;
#439 = CARTESIAN_POINT ( 'NONE',  ( 0.2499999999999999445, 0.9789693182963199458, 0.3500000000000002554 ) ) ;
#440 = CARTESIAN_POINT ( 'NONE',  ( -0.5199999999999999067, 0.4049999999999999711, -0.9200000000000001510 ) ) ;
#441 = VECTOR ( 'NONE', #1497, 1000.000000000000000 ) ;
#442 = ORIENTED_EDGE ( 'NONE', *, *, #2923, .F. ) ;
#443 = AXIS2_PLACEMENT_3D ( 'NONE', #2359, #1508, #2609 ) ;
#444 = DIRECTION ( 'NONE',  ( 1.000000000000000000, 0.000000000000000000, 0.000000000000000000 ) ) ;
#445 = DIRECTION ( 'NONE',  ( -1.000000000000000000, -0.000000000000000000, -0.000000000000000000 ) ) ;
#446 = VERTEX_POINT ( 'NONE', #2634 ) ;
#447 = AXIS2_PLACEMENT_3D ( 'NONE', #1239, #2870, #2088 ) ;
#448 = AXIS2_PLACEMENT_3D ( 'NONE', #317, #2233, #81 ) ;
#449 = ORIENTED_EDGE ( 'NONE', *, *, #1255, .F. ) ;
#450 = SURFACE_STYLE_USAGE ( .BOTH. , #2892 ) ;
#451 = CARTESIAN_POINT ( 'NONE',  ( -0.6750000000000001554, 0.4750000000000000888, 0.7200000000000004174 ) ) ;
#452 = PLANE ( 'NONE',  #443 ) ;
#453 = VECTOR ( 'NONE', #2094, 1000.000000000000000 ) ;
#454 = CARTESIAN_POINT ( 'NONE',  ( 0.000000000000000000, 0.000000000000000000, -0.9300000000000001599 ) ) ;
#455 = CARTESIAN_POINT ( 'NONE',  ( 0.2500000000000001665, 0.000000000000000000, -0.5500000000000003775 ) ) ;
#456 = ORIENTED_EDGE ( 'NONE', *, *, #2599, .T. ) ;
#457 = FACE_OUTER_BOUND ( 'NONE', #2561, .T. ) ;
#458 = DIRECTION ( 'NONE',  ( -1.000000000000000000, 0.000000000000000000, 0.000000000000000000 ) ) ;
#459 = AXIS2_PLACEMENT_3D ( 'NONE', #921, #102, #358 ) ;
#460 = ADVANCED_FACE ( 'NONE', ( #2055 ), #193, .F. ) ;
#461 = DIRECTION ( 'NONE',  ( 1.000000000000000000, 0.000000000000000000, 0.000000000000000000 ) ) ;
#462 = LINE ( 'NONE', #194, #107 ) ;
#463 = VERTEX_POINT ( 'NONE', #3181 ) ;
#464 = EDGE_CURVE ( 'NONE', #1447, #702, #161, .T. ) ;
#465 = DIRECTION ( 'NONE',  ( 0.000000000000000000, 1.000000000000000000, 0.000000000000000000 ) ) ;
#466 = ORIENTED_EDGE ( 'NONE', *, *, #1552, .F. ) ;
#467 = ORIENTED_EDGE ( 'NONE', *, *, #870, .F. ) ;
#468 = VECTOR ( 'NONE', #1159, 1000.000000000000000 ) ;
#469 =( LENGTH_UNIT ( ) NAMED_UNIT ( * ) SI_UNIT ( .MILLI., .METRE. ) );
#470 = LINE ( 'NONE', #454, #2046 ) ;
#471 = CIRCLE ( 'NONE', #1883, 0.2350000000000000699 ) ;
#472 = EDGE_LOOP ( 'NONE', ( #874, #2352, #106, #2801 ) ) ;
#473 = DIRECTION ( 'NONE',  ( 1.000000000000000000, 0.000000000000000000, 0.000000000000000000 ) ) ;
#474 = DIRECTION ( 'NONE',  ( 0.000000000000000000, -1.000000000000000000, 0.000000000000000000 ) ) ;
#475 = DIRECTION ( 'NONE',  ( 1.000000000000000000, 0.000000000000000000, 0.000000000000000000 ) ) ;
#476 = ADVANCED_FACE ( 'NONE', ( #755 ), #3448, .T. ) ;
#477 = CARTESIAN_POINT ( 'NONE',  ( -0.7300000000000002043, 0.1275000000000000022, 0.8300000000000002931 ) ) ;
#478 = CARTESIAN_POINT ( 'NONE',  ( 0.6299999999999998934, 0.1275000000000000022, -0.9299999999999999378 ) ) ;
#479 = VERTEX_POINT ( 'NONE', #3469 ) ;
#480 = ADVANCED_FACE ( 'NONE', ( #2932 ), #490, .T. ) ;
#481 = CARTESIAN_POINT ( 'NONE',  ( -0.7300000000000002043, 0.000000000000000000, 1.000000000000000000 ) ) ;
#482 = ORIENTED_EDGE ( 'NONE', *, *, #1429, .T. ) ;
#483 = EDGE_CURVE ( 'NONE', #849, #1161, #251, .T. ) ;
#484 = ORIENTED_EDGE ( 'NONE', *, *, #2331, .F. ) ;
#485 = FACE_OUTER_BOUND ( 'NONE', #994, .T. ) ;
#486 = LINE ( 'NONE', #1792, #2767 ) ;
#487 = ORIENTED_EDGE ( 'NONE', *, *, #35, .F. ) ;
#488 = LINE ( 'NONE', #222, #2705 ) ;
#489 = CARTESIAN_POINT ( 'NONE',  ( -0.8000000000000001554, 0.2550000000000000044, -1.000000000000000000 ) ) ;
#490 = PLANE ( 'NONE',  #2674 ) ;
#491 = FILL_AREA_STYLE_COLOUR ( '', #1076 ) ;
#492 = CARTESIAN_POINT ( 'NONE',  ( -0.8000000000000000444, 0.000000000000000000, -0.9000000000000001332 ) ) ;
#493 = ORIENTED_EDGE ( 'NONE', *, *, #2079, .F. ) ;
#494 = DIRECTION ( 'NONE',  ( 0.000000000000000000, -1.000000000000000000, 0.000000000000000000 ) ) ;
#495 = APPLICATION_CONTEXT ( 'automotive_design' ) ;
#496 = CIRCLE ( 'NONE', #2147, 0.1800000000000001599 ) ;
#497 = FACE_OUTER_BOUND ( 'NONE', #1248, .T. ) ;
#498 = VERTEX_POINT ( 'NONE', #1064 ) ;
#499 = EDGE_CURVE ( 'NONE', #2302, #1395, #3242, .T. ) ;
#500 = AXIS2_PLACEMENT_3D ( 'NONE', #1825, #983, #189 ) ;
#501 = DIRECTION ( 'NONE',  ( -0.7071067811865453523, 0.000000000000000000, -0.7071067811865497932 ) ) ;
#502 = EDGE_CURVE ( 'NONE', #1900, #2862, #1931, .T. ) ;
#503 = VECTOR ( 'NONE', #883, 1000.000000000000000 ) ;
#504 = CARTESIAN_POINT ( 'NONE',  ( -0.8000000000000003775, 0.1275000000000000022, 0.3500000000000000333 ) ) ;
#505 = AXIS2_PLACEMENT_3D ( 'NONE', #709, #1529, #458 ) ;
#506 = ADVANCED_FACE ( 'NONE', ( #1114 ), #1627, .T. ) ;
#507 = EDGE_LOOP ( 'NONE', ( #1870, #989, #2389, #2026 ) ) ;
#508 = DIRECTION ( 'NONE',  ( 0.000000000000000000, 1.000000000000000000, 0.000000000000000000 ) ) ;
#509 = CARTESIAN_POINT ( 'NONE',  ( 0.5199999999999999067, 0.4049999999999999711, 0.9200000000000000400 ) ) ;
#510 = AXIS2_PLACEMENT_3D ( 'NONE', #1694, #3312, #78 ) ;
#511 = DIRECTION ( 'NONE',  ( -0.7071067811865507924, -0.000000000000000000, 0.7071067811865441310 ) ) ;
#512 = AXIS2_PLACEMENT_3D ( 'NONE', #1488, #685, #2623 ) ;
#513 = CARTESIAN_POINT ( 'NONE',  ( -0.7299999999999998712, 0.1275000000000000022, -0.8300000000000000711 ) ) ;
#514 = DIRECTION ( 'NONE',  ( 0.000000000000000000, 0.000000000000000000, 1.000000000000000000 ) ) ;
#515 = ORIENTED_EDGE ( 'NONE', *, *, #3200, .F. ) ;
#516 = FACE_OUTER_BOUND ( 'NONE', #215, .T. ) ;
#517 = VERTEX_POINT ( 'NONE', #3011 ) ;
#518 = CARTESIAN_POINT ( 'NONE',  ( -0.8000000000000001554, 0.000000000000000000, 0.8999999999999999112 ) ) ;
#519 = EDGE_CURVE ( 'NONE', #1662, #498, #2164, .T. ) ;
#520 = ORIENTED_EDGE ( 'NONE', *, *, #1596, .T. ) ;
#521 = MECHANICAL_DESIGN_GEOMETRIC_PRESENTATION_REPRESENTATION (  '', ( #2398 ), #2733 ) ;
#522 = ORIENTED_EDGE ( 'NONE', *, *, #916, .F. ) ;
#523 = FACE_OUTER_BOUND ( 'NONE', #84, .T. ) ;
#524 = CARTESIAN_POINT ( 'NONE',  ( -0.8000000000000001554, 0.2500000000000000000, -0.9000000000000000222 ) ) ;
#525 = CARTESIAN_POINT ( 'NONE',  ( -0.2500000000000000555, 0.000000000000000000, 0.9300000000000002709 ) ) ;
#526 = CARTESIAN_POINT ( 'NONE',  ( -0.5799999999999995159, 0.4899999999999999911, -0.7200000000000000844 ) ) ;
#527 = LINE ( 'NONE', #478, #3059 ) ;
#528 = EDGE_LOOP ( 'NONE', ( #1486, #3457, #2715, #3187 ) ) ;
#529 = DIRECTION ( 'NONE',  ( 1.000000000000000000, 0.000000000000000000, -2.258754526011468228E-16 ) ) ;
#530 = FILL_AREA_STYLE ('',( #3264 ) ) ;
#531 = VERTEX_POINT ( 'NONE', #788 ) ;
#532 = EDGE_CURVE ( 'NONE', #199, #2982, #3297, .T. ) ;
#533 = ORIENTED_EDGE ( 'NONE', *, *, #3485, .T. ) ;
#534 = LINE ( 'NONE', #1621, #1857 ) ;
#535 = LINE ( 'NONE', #489, #2841 ) ;
#536 = EDGE_CURVE ( 'NONE', #2548, #79, #3226, .T. ) ;
#537 = DIRECTION ( 'NONE',  ( 0.000000000000000000, -1.000000000000000000, 0.000000000000000000 ) ) ;
#538 = DIRECTION ( 'NONE',  ( -1.000000000000000000, 0.000000000000000000, 1.042502088928369904E-16 ) ) ;
#539 = DIRECTION ( 'NONE',  ( 0.000000000000000000, 0.000000000000000000, 1.000000000000000000 ) ) ;
#540 = EDGE_CURVE ( 'NONE', #2982, #2074, #624, .T. ) ;
#541 = FACE_OUTER_BOUND ( 'NONE', #2602, .T. ) ;
#542 = DIRECTION ( 'NONE',  ( 0.000000000000000000, 1.000000000000000000, 0.000000000000000000 ) ) ;
#543 = VECTOR ( 'NONE', #1538, 1000.000000000000000 ) ;
#544 = EDGE_LOOP ( 'NONE', ( #522, #1355, #696, #1499 ) ) ;
#545 = AXIS2_PLACEMENT_3D ( 'NONE', #1450, #1195, #375 ) ;
#546 = DIRECTION ( 'NONE',  ( -1.000000000000000000, 0.000000000000000000, 0.000000000000000000 ) ) ;
#547 = VECTOR ( 'NONE', #3081, 1000.000000000000000 ) ;
#548 = VERTEX_POINT ( 'NONE', #804 ) ;
#549 = VECTOR ( 'NONE', #1758, 1000.000000000000000 ) ;
#550 = LINE ( 'NONE', #504, #892 ) ;
#551 = AXIS2_PLACEMENT_3D ( 'NONE', #2394, #240, #3260 ) ;
#552 = ORIENTED_EDGE ( 'NONE', *, *, #419, .T. ) ;
#553 = PLANE ( 'NONE',  #3453 ) ;
#554 = LINE ( 'NONE', #39, #1536 ) ;
#555 = CIRCLE ( 'NONE', #505, 0.05999999999999994227 ) ;
#556 = PLANE ( 'NONE',  #1065 ) ;
#557 = CARTESIAN_POINT ( 'NONE',  ( -0.8000000000000001554, 0.2500000000000000000, -0.8999999999999999112 ) ) ;
#558 = VECTOR ( 'NONE', #1451, 1000.000000000000000 ) ;
#559 = FACE_OUTER_BOUND ( 'NONE', #1179, .T. ) ;
#560 = EDGE_CURVE ( 'NONE', #1662, #2383, #3233, .T. ) ;
#561 = ORIENTED_EDGE ( 'NONE', *, *, #743, .T. ) ;
#562 = MECHANICAL_DESIGN_GEOMETRIC_PRESENTATION_REPRESENTATION (  '', ( #2215 ), #1186 ) ;
#563 = PRODUCT ( 'C1E-16.000-10-1520-R', 'C1E-16.000-10-1520-R', '', ( #2928 ) ) ;
#564 = DIRECTION ( 'NONE',  ( 0.000000000000000000, -1.000000000000000000, 0.000000000000000000 ) ) ;
#565 = CIRCLE ( 'NONE', #1822, 0.1800000000000001599 ) ;
#566 = ORIENTED_EDGE ( 'NONE', *, *, #3143, .F. ) ;
#567 = ADVANCED_FACE ( 'NONE', ( #1910 ), #2194, .T. ) ;
#568 = ORIENTED_EDGE ( 'NONE', *, *, #2082, .T. ) ;
#569 = ORIENTED_EDGE ( 'NONE', *, *, #2102, .T. ) ;
#570 = ORIENTED_EDGE ( 'NONE', *, *, #1122, .T. ) ;
#571 = PLANE ( 'NONE',  #2941 ) ;
#572 = DIRECTION ( 'NONE',  ( 0.000000000000000000, 1.000000000000000000, 0.000000000000000000 ) ) ;
#573 = CLOSED_SHELL ( 'NONE', ( #3254, #1487, #2156, #415, #1867, #2876, #3195, #2317, #1593, #2731, #2921, #1053, #196, #1570, #2, #480, #2525, #113, #2902, #3271, #2298, #993, #1295, #992, #1873, #3153, #3001, #1259, #2498, #761, #2174, #2681, #2880, #1492, #2618, #2372, #578, #2221, #3089 ) ) ;
#574 = DIRECTION ( 'NONE',  ( 0.000000000000000000, -1.000000000000000000, 0.000000000000000000 ) ) ;
#575 = CARTESIAN_POINT ( 'NONE',  ( 0.8000000000000003775, 0.000000000000000000, -0.9999999999999997780 ) ) ;
#576 = VECTOR ( 'NONE', #1083, 1000.000000000000000 ) ;
#577 = VERTEX_POINT ( 'NONE', #1351 ) ;
#578 = ADVANCED_FACE ( 'NONE', ( #1665 ), #556, .F. ) ;
#579 = LINE ( 'NONE', #2503, #33 ) ;
#580 = DIRECTION ( 'NONE',  ( 1.000000000000000000, 0.000000000000000000, 0.000000000000000000 ) ) ;
#581 = ORIENTED_EDGE ( 'NONE', *, *, #3137, .F. ) ;
#582 = ADVANCED_FACE ( 'NONE', ( #2743 ), #2727, .T. ) ;
#583 = DIRECTION ( 'NONE',  ( -0.000000000000000000, 1.000000000000000000, -0.000000000000000000 ) ) ;
#584 = ORIENTED_EDGE ( 'NONE', *, *, #1576, .F. ) ;
#585 = EDGE_CURVE ( 'NONE', #1471, #1203, #3184, .T. ) ;
#586 = DIRECTION ( 'NONE',  ( -1.000000000000000000, -0.000000000000000000, -0.000000000000000000 ) ) ;
#587 = CARTESIAN_POINT ( 'NONE',  ( 0.4500000000000004552, 0.000000000000000000, -0.3499999999999998668 ) ) ;
#588 = ORIENTED_EDGE ( 'NONE', *, *, #2217, .T. ) ;
#589 = CARTESIAN_POINT ( 'NONE',  ( 0.6749999999999999334, 0.5000000000000000000, 0.7200000000000004174 ) ) ;
#590 = CARTESIAN_POINT ( 'NONE',  ( 0.000000000000000000, 0.000000000000000000, -1.000000000000000000 ) ) ;
#591 = CARTESIAN_POINT ( 'NONE',  ( 0.2500000000000001665, 0.1275000000000000022, -0.5500000000000003775 ) ) ;
#592 = ORIENTED_EDGE ( 'NONE', *, *, #743, .F. ) ;
#593 = CARTESIAN_POINT ( 'NONE',  ( 0.7300000000000002043, 0.1275000000000000022, -0.8299999999999999600 ) ) ;
#594 = ORIENTED_EDGE ( 'NONE', *, *, #1243, .F. ) ;
#595 = DIRECTION ( 'NONE',  ( 0.000000000000000000, 1.000000000000000000, 0.000000000000000000 ) ) ;
#596 = DIRECTION ( 'NONE',  ( 0.000000000000000000, 0.000000000000000000, 1.000000000000000000 ) ) ;
#597 = SURFACE_STYLE_FILL_AREA ( #1460 ) ;
#598 = ORIENTED_EDGE ( 'NONE', *, *, #1467, .T. ) ;
#599 = VERTEX_POINT ( 'NONE', #525 ) ;
#600 = ADVANCED_FACE ( 'NONE', ( #2456 ), #1613, .F. ) ;
#601 = AXIS2_PLACEMENT_3D ( 'NONE', #13, #542, #1070 ) ;
#602 = UNCERTAINTY_MEASURE_WITH_UNIT (LENGTH_MEASURE( 1.000000000000000082E-05 ), #469, 'distance_accuracy_value', 'NONE');
#603 = CARTESIAN_POINT ( 'NONE',  ( 0.6999999999999999556, 0.000000000000000000, -1.000000000000000000 ) ) ;
#604 = VERTEX_POINT ( 'NONE', #3273 ) ;
#605 = FACE_OUTER_BOUND ( 'NONE', #2927, .T. ) ;
#606 = EDGE_LOOP ( 'NONE', ( #1966, #1677, #1823, #3084 ) ) ;
#607 = VECTOR ( 'NONE', #2145, 1000.000000000000000 ) ;
#608 = CARTESIAN_POINT ( 'NONE',  ( 0.6999999999999999556, 0.4750000000000010325, -0.7199999999999999734 ) ) ;
#609 = CARTESIAN_POINT ( 'NONE',  ( -0.5199999999999997957, 0.4049999999999999711, 0.9200000000000000400 ) ) ;
#610 = VECTOR ( 'NONE', #3098, 1000.000000000000000 ) ;
#611 = EDGE_CURVE ( 'NONE', #2383, #351, #24, .T. ) ;
#612 = DIRECTION ( 'NONE',  ( 0.000000000000000000, 1.000000000000000000, 0.000000000000000000 ) ) ;
#613 = ORIENTED_EDGE ( 'NONE', *, *, #1303, .F. ) ;
#614 = DIRECTION ( 'NONE',  ( -0.000000000000000000, 1.000000000000000000, -0.000000000000000000 ) ) ;
#615 = VECTOR ( 'NONE', #2769, 1000.000000000000000 ) ;
#616 = DIRECTION ( 'NONE',  ( 0.7071067811865491270, 0.000000000000000000, -0.7071067811865459074 ) ) ;
#617 = AXIS2_PLACEMENT_3D ( 'NONE', #1157, #2808, #2255 ) ;
#618 = CARTESIAN_POINT ( 'NONE',  ( 0.2500000000000002220, 0.1275000000000000022, -0.5500000000000003775 ) ) ;
#619 = CARTESIAN_POINT ( 'NONE',  ( -0.5199999999999999067, 0.5000000000000000000, 0.7200000000000004174 ) ) ;
#620 = CARTESIAN_POINT ( 'NONE',  ( -0.5200000000000000178, 0.3249999999999999001, -1.007499999999999396 ) ) ;
#621 = PRESENTATION_LAYER_ASSIGNMENT (  '', '', ( #3128 ) ) ;
#622 = VERTEX_POINT ( 'NONE', #2312 ) ;
#623 = DIRECTION ( 'NONE',  ( -1.936075308009829121E-15, 0.000000000000000000, 1.000000000000000000 ) ) ;
#624 = CIRCLE ( 'NONE', #2907, 0.1000000000000002554 ) ;
#625 = ORIENTED_EDGE ( 'NONE', *, *, #3425, .T. ) ;
#626 = CARTESIAN_POINT ( 'NONE',  ( -0.5199999999999999067, 0.4750000000000000888, 0.7200000000000004174 ) ) ;
#627 = EDGE_CURVE ( 'NONE', #372, #2908, #1595, .T. ) ;
#628 = EDGE_CURVE ( 'NONE', #3125, #767, #1177, .T. ) ;
#629 = VERTEX_POINT ( 'NONE', #3090 ) ;
#630 = DIRECTION ( 'NONE',  ( -1.000000000000000000, 0.000000000000000000, -5.706327223607921499E-16 ) ) ;
#631 = ORIENTED_EDGE ( 'NONE', *, *, #2633, .F. ) ;
#632 = LINE ( 'NONE', #1715, #2198 ) ;
#633 = DIRECTION ( 'NONE',  ( -1.000000000000000000, 0.000000000000000000, 1.129377263005733868E-16 ) ) ;
#634 = EDGE_CURVE ( 'NONE', #2113, #577, #3361, .T. ) ;
#635 = DIRECTION ( 'NONE',  ( 0.7071067811865502373, 0.000000000000000000, 0.7071067811865447972 ) ) ;
#636 =( NAMED_UNIT ( * ) SI_UNIT ( $, .STERADIAN. ) SOLID_ANGLE_UNIT ( ) );
#637 = ORIENTED_EDGE ( 'NONE', *, *, #2739, .T. ) ;
#638 = DIRECTION ( 'NONE',  ( -1.000000000000000000, -0.000000000000000000, -0.000000000000000000 ) ) ;
#639 = AXIS2_PLACEMENT_3D ( 'NONE', #2406, #538, #2978 ) ;
#640 = DIRECTION ( 'NONE',  ( -1.000000000000000000, 0.000000000000000000, 0.000000000000000000 ) ) ;
#641 = VERTEX_POINT ( 'NONE', #1498 ) ;
#642 = CARTESIAN_POINT ( 'NONE',  ( 0.8000000000000003775, 0.1275000000000000022, -0.8999999999999995781 ) ) ;
#643 = LINE ( 'NONE', #366, #166 ) ;
#644 = VECTOR ( 'NONE', #710, 1000.000000000000114 ) ;
#645 = EDGE_LOOP ( 'NONE', ( #1125, #388, #1573, #1245 ) ) ;
#646 = DIRECTION ( 'NONE',  ( 0.000000000000000000, 0.000000000000000000, 1.000000000000000000 ) ) ;
#647 = ORIENTED_EDGE ( 'NONE', *, *, #1793, .T. ) ;
#648 = ORIENTED_EDGE ( 'NONE', *, *, #1191, .T. ) ;
#649 = CARTESIAN_POINT ( 'NONE',  ( 0.6749999999999998224, 0.4749999999999999778, 0.7200000000000004174 ) ) ;
#650 = ORIENTED_EDGE ( 'NONE', *, *, #2998, .T. ) ;
#651 = FACE_OUTER_BOUND ( 'NONE', #2493, .T. ) ;
#652 = DIRECTION ( 'NONE',  ( 1.000000000000000000, 0.000000000000000000, -2.168404344971003346E-15 ) ) ;
#653 = DIRECTION ( 'NONE',  ( 1.000000000000000000, 0.000000000000000000, 0.000000000000000000 ) ) ;
#654 = VERTEX_POINT ( 'NONE', #1778 ) ;
#655 = CARTESIAN_POINT ( 'NONE',  ( -0.6299999999999996714, 0.000000000000000000, -0.9300000000000002709 ) ) ;
#656 = EDGE_CURVE ( 'NONE', #760, #2383, #565, .T. ) ;
#657 = EDGE_CURVE ( 'NONE', #2056, #2740, #2805, .T. ) ;
#658 = DIRECTION ( 'NONE',  ( 1.000000000000000000, 0.000000000000000000, 0.000000000000000000 ) ) ;
#659 = ORIENTED_EDGE ( 'NONE', *, *, #257, .T. ) ;
#660 = CARTESIAN_POINT ( 'NONE',  ( 0.4500000000000002887, 0.1275000000000000022, -0.3500000000000000888 ) ) ;
#661 = CARTESIAN_POINT ( 'NONE',  ( 0.7999999999999999334, 0.2500000000000000000, 0.000000000000000000 ) ) ;
#662 = LINE ( 'NONE', #2833, #1286 ) ;
#663 = ORIENTED_EDGE ( 'NONE', *, *, #3400, .T. ) ;
#664 = DIRECTION ( 'NONE',  ( 0.000000000000000000, -1.000000000000000000, 0.000000000000000000 ) ) ;
#665 = EDGE_CURVE ( 'NONE', #940, #3491, #2336, .T. ) ;
#666 = FACE_OUTER_BOUND ( 'NONE', #2036, .T. ) ;
#667 = ORIENTED_EDGE ( 'NONE', *, *, #1576, .T. ) ;
#668 = ORIENTED_EDGE ( 'NONE', *, *, #241, .T. ) ;
#669 = LINE ( 'NONE', #2779, #2108 ) ;
#670 = VERTEX_POINT ( 'NONE', #2030 ) ;
#671 = PLANE ( 'NONE',  #897 ) ;
#672 = VECTOR ( 'NONE', #3056, 1000.000000000000000 ) ;
#673 = AXIS2_PLACEMENT_3D ( 'NONE', #1374, #2461, #3280 ) ;
#674 = CARTESIAN_POINT ( 'NONE',  ( 0.2499999999999998890, 0.1275000000000000022, 0.9300000000000003819 ) ) ;
#675 = EDGE_LOOP ( 'NONE', ( #2159, #961, #1652, #3487, #1419, #867, #2093 ) ) ;
#676 = LINE ( 'NONE', #422, #2104 ) ;
#677 = AXIS2_PLACEMENT_3D ( 'NONE', #109, #364, #580 ) ;
#678 = EDGE_CURVE ( 'NONE', #4, #479, #2275, .T. ) ;
#679 = LINE ( 'NONE', #1120, #186 ) ;
#680 = ORIENTED_EDGE ( 'NONE', *, *, #2405, .T. ) ;
#681 = STYLED_ITEM ( 'NONE', ( #3057 ), #1442 ) ;
#682 = LINE ( 'NONE', #1765, #324 ) ;
#683 = ORIENTED_EDGE ( 'NONE', *, *, #2369, .T. ) ;
#684 = AXIS2_PLACEMENT_3D ( 'NONE', #2729, #1435, #2458 ) ;
#685 = DIRECTION ( 'NONE',  ( -0.7071067811865447972, 0.000000000000000000, -0.7071067811865502373 ) ) ;
#686 = CARTESIAN_POINT ( 'NONE',  ( 0.7999999999999999334, 0.2550000000000000044, -0.8999999999999998002 ) ) ;
#687 = ORIENTED_EDGE ( 'NONE', *, *, #202, .T. ) ;
#688 = VECTOR ( 'NONE', #2939, 1000.000000000000000 ) ;
#689 = AXIS2_PLACEMENT_3D ( 'NONE', #2039, #3138, #700 ) ;
#690 = ORIENTED_EDGE ( 'NONE', *, *, #3043, .T. ) ;
#691 = DIRECTION ( 'NONE',  ( -1.000000000000000000, -0.000000000000000000, -1.936075308009829121E-15 ) ) ;
#692 = DIRECTION ( 'NONE',  ( 0.000000000000000000, -1.000000000000000000, 0.000000000000000000 ) ) ;
#693 = VERTEX_POINT ( 'NONE', #2011 ) ;
#694 = DIRECTION ( 'NONE',  ( -1.000000000000000000, 0.000000000000000000, -5.706327223607922485E-16 ) ) ;
#695 = FACE_OUTER_BOUND ( 'NONE', #1218, .T. ) ;
#696 = ORIENTED_EDGE ( 'NONE', *, *, #1167, .T. ) ;
#697 = PLANE ( 'NONE',  #217 ) ;
#698 = ORIENTED_EDGE ( 'NONE', *, *, #2688, .F. ) ;
#699 = EDGE_CURVE ( 'NONE', #2527, #135, #2866, .T. ) ;
#700 = DIRECTION ( 'NONE',  ( 1.000000000000000000, 0.000000000000000000, 0.000000000000000000 ) ) ;
#701 = CARTESIAN_POINT ( 'NONE',  ( 0.7300000000000000933, 0.1275000000000000022, 0.3500000000000002554 ) ) ;
#702 = VERTEX_POINT ( 'NONE', #1432 ) ;
#703 = ADVANCED_FACE ( 'NONE', ( #1736 ), #1452, .F. ) ;
#704 = ORIENTED_EDGE ( 'NONE', *, *, #797, .F. ) ;
#705 = ADVANCED_FACE ( 'NONE', ( #342 ), #2596, .T. ) ;
#706 = DIRECTION ( 'NONE',  ( 0.000000000000000000, 0.000000000000000000, 1.000000000000000000 ) ) ;
#707 = DIRECTION ( 'NONE',  ( 1.000000000000000000, -0.000000000000000000, -0.000000000000000000 ) ) ;
#708 = VERTEX_POINT ( 'NONE', #1475 ) ;
#709 = CARTESIAN_POINT ( 'NONE',  ( -0.5199999999999995737, 0.5000000000000000000, -0.7200000000000000844 ) ) ;
#710 = DIRECTION ( 'NONE',  ( 0.7071067811865507924, -0.000000000000000000, 0.7071067811865441310 ) ) ;
#711 = FACE_OUTER_BOUND ( 'NONE', #1539, .T. ) ;
#712 = ORIENTED_EDGE ( 'NONE', *, *, #3115, .F. ) ;
#713 = DIRECTION ( 'NONE',  ( -1.000000000000000000, 0.000000000000000000, 1.042502088928369904E-16 ) ) ;
#714 = LINE ( 'NONE', #977, #999 ) ;
#715 = EDGE_LOOP ( 'NONE', ( #1015, #2510, #1146, #1398 ) ) ;
#716 = DIRECTION ( 'NONE',  ( 1.000000000000000000, -3.863519113698599082E-15, 7.727038227397180808E-15 ) ) ;
#717 = ORIENTED_EDGE ( 'NONE', *, *, #2556, .T. ) ;
#718 = CYLINDRICAL_SURFACE ( 'NONE', #839, 0.05999999999999994227 ) ;
#719 = EDGE_CURVE ( 'NONE', #1504, #3355, #3048, .T. ) ;
#720 = ORIENTED_EDGE ( 'NONE', *, *, #319, .F. ) ;
#721 = VECTOR ( 'NONE', #1244, 1000.000000000000000 ) ;
#722 = PLANE ( 'NONE',  #1914 ) ;
#723 = DIRECTION ( 'NONE',  ( 1.000000000000000000, 0.000000000000000000, 0.000000000000000000 ) ) ;
#724 = ADVANCED_FACE ( 'NONE', ( #2252 ), #939, .T. ) ;
#725 = DIRECTION ( 'NONE',  ( 1.000000000000000000, 0.000000000000000000, -2.258754526011468228E-16 ) ) ;
#726 = DIRECTION ( 'NONE',  ( -0.7071067811865497932, 0.000000000000000000, 0.7071067811865453523 ) ) ;
#727 = VECTOR ( 'NONE', #3296, 1000.000000000000000 ) ;
#728 = EDGE_LOOP ( 'NONE', ( #169, #998, #1521, #456 ) ) ;
#729 = CIRCLE ( 'NONE', #1288, 0.1000000000000002554 ) ;
#730 = DIRECTION ( 'NONE',  ( 0.000000000000000000, 1.000000000000000000, 0.000000000000000000 ) ) ;
#731 = ORIENTED_EDGE ( 'NONE', *, *, #2960, .F. ) ;
#732 = CIRCLE ( 'NONE', #783, 0.1800000000000001599 ) ;
#733 =( GEOMETRIC_REPRESENTATION_CONTEXT ( 3 ) GLOBAL_UNCERTAINTY_ASSIGNED_CONTEXT ( ( #2774 ) ) GLOBAL_UNIT_ASSIGNED_CONTEXT ( ( #1839, #2642, #1210 ) ) REPRESENTATION_CONTEXT ( 'NONE', 'WORKASPACE' ) );
#734 = ORIENTED_EDGE ( 'NONE', *, *, #2176, .T. ) ;
#735 = PRESENTATION_STYLE_ASSIGNMENT (( #450 ) ) ;
#736 = VECTOR ( 'NONE', #95, 1000.000000000000000 ) ;
#737 = CARTESIAN_POINT ( 'NONE',  ( -0.7300000000000000933, 0.1275000000000000022, -0.3500000000000000333 ) ) ;
#738 = EDGE_CURVE ( 'NONE', #2830, #604, #403, .T. ) ;
#739 = EDGE_CURVE ( 'NONE', #94, #3218, #1490, .T. ) ;
#740 = ORIENTED_EDGE ( 'NONE', *, *, #2034, .F. ) ;
#741 = DIRECTION ( 'NONE',  ( 0.000000000000000000, 1.000000000000000000, 0.000000000000000000 ) ) ;
#742 = LINE ( 'NONE', #1580, #3279 ) ;
#743 = EDGE_CURVE ( 'NONE', #1838, #3355, #157, .T. ) ;
#744 = CARTESIAN_POINT ( 'NONE',  ( 0.8074999999999993294, 0.3249999999999999001, -0.7200000000000000844 ) ) ;
#745 = DIRECTION ( 'NONE',  ( 1.000000000000000000, 0.000000000000000000, 0.000000000000000000 ) ) ;
#746 = EDGE_CURVE ( 'NONE', #702, #1261, #1994, .T. ) ;
#747 = ORIENTED_EDGE ( 'NONE', *, *, #2054, .T. ) ;
#748 = DIRECTION ( 'NONE',  ( 0.000000000000000000, 1.000000000000000000, 0.000000000000000000 ) ) ;
#749 = ORIENTED_EDGE ( 'NONE', *, *, #1262, .F. ) ;
#750 = ORIENTED_EDGE ( 'NONE', *, *, #220, .F. ) ;
#751 = CIRCLE ( 'NONE', #2969, 0.02500000000000006384 ) ;
#752 = VERTEX_POINT ( 'NONE', #1720 ) ;
#753 = CARTESIAN_POINT ( 'NONE',  ( 0.7300000000000002043, 0.1275000000000000022, -0.3499999999999998113 ) ) ;
#754 = CARTESIAN_POINT ( 'NONE',  ( 0.7000000000000000666, 0.1275000000000000022, -0.9999999999999995559 ) ) ;
#755 = FACE_OUTER_BOUND ( 'NONE', #3174, .T. ) ;
#756 = DIRECTION ( 'NONE',  ( -1.000000000000000000, 0.000000000000000000, 0.000000000000000000 ) ) ;
#757 = FACE_OUTER_BOUND ( 'NONE', #3357, .T. ) ;
#758 = EDGE_CURVE ( 'NONE', #1458, #1887, #969, .T. ) ;
#759 = LINE ( 'NONE', #2636, #2889 ) ;
#760 = VERTEX_POINT ( 'NONE', #3414 ) ;
#761 = ADVANCED_FACE ( 'NONE', ( #2068 ), #3144, .F. ) ;
#762 = CARTESIAN_POINT ( 'NONE',  ( 0.7300000000000000933, 0.1275000000000000022, 1.000000000000000222 ) ) ;
#763 = ORIENTED_EDGE ( 'NONE', *, *, #2176, .F. ) ;
#764 = EDGE_CURVE ( 'NONE', #812, #397, #2060, .T. ) ;
#765 = LINE ( 'NONE', #1658, #3468 ) ;
#766 = APPLICATION_PROTOCOL_DEFINITION ( 'draft international standard', 'automotive_design', 1998, #3519 ) ;
#767 = VERTEX_POINT ( 'NONE', #910 ) ;
#768 = CARTESIAN_POINT ( 'NONE',  ( -0.7299999999999998712, 0.9789693182963199458, -0.8300000000000000711 ) ) ;
#769 = LINE ( 'NONE', #3240, #2208 ) ;
#770 = FACE_OUTER_BOUND ( 'NONE', #32, .T. ) ;
#771 = PLANE ( 'NONE',  #551 ) ;
#772 = AXIS2_PLACEMENT_3D ( 'NONE', #54, #623, #3307 ) ;
#773 = ORIENTED_EDGE ( 'NONE', *, *, #138, .T. ) ;
#774 = EDGE_CURVE ( 'NONE', #1377, #3340, #55, .T. ) ;
#775 = VECTOR ( 'NONE', #2916, 1000.000000000000000 ) ;
#776 = DIRECTION ( 'NONE',  ( 0.000000000000000000, 1.000000000000000000, 0.000000000000000000 ) ) ;
#777 = ORIENTED_EDGE ( 'NONE', *, *, #2095, .F. ) ;
#778 = AXIS2_PLACEMENT_3D ( 'NONE', #3329, #2775, #1963 ) ;
#779 = PRESENTATION_STYLE_ASSIGNMENT (( #2187 ) ) ;
#780 = ORIENTED_EDGE ( 'NONE', *, *, #1360, .T. ) ;
#781 = VECTOR ( 'NONE', #2477, 1000.000000000000000 ) ;
#782 = DIRECTION ( 'NONE',  ( -0.000000000000000000, 1.000000000000000000, -0.000000000000000000 ) ) ;
#783 = AXIS2_PLACEMENT_3D ( 'NONE', #1042, #2163, #2417 ) ;
#784 = ORIENTED_EDGE ( 'NONE', *, *, #2759, .T. ) ;
#785 = DIRECTION ( 'NONE',  ( 0.7071067811865442421, 0.000000000000000000, -0.7071067811865509034 ) ) ;
#786 = FACE_OUTER_BOUND ( 'NONE', #3308, .T. ) ;
#787 = VECTOR ( 'NONE', #1175, 1000.000000000000000 ) ;
#788 = CARTESIAN_POINT ( 'NONE',  ( -0.7000000000000000666, 0.000000000000000000, 1.000000000000000000 ) ) ;
#789 = AXIS2_PLACEMENT_3D ( 'NONE', #2103, #2600, #461 ) ;
#790 = DIRECTION ( 'NONE',  ( -0.000000000000000000, -1.000000000000000000, -0.000000000000000000 ) ) ;
#791 = CARTESIAN_POINT ( 'NONE',  ( 0.5200000000000000178, 0.4750000000000010325, -0.7200000000000000844 ) ) ;
#792 = ORIENTED_EDGE ( 'NONE', *, *, #3234, .T. ) ;
#793 = PLANE ( 'NONE',  #3342 ) ;
#794 = DIRECTION ( 'NONE',  ( 0.000000000000000000, 1.000000000000000000, 0.000000000000000000 ) ) ;
#795 = CYLINDRICAL_SURFACE ( 'NONE', #330, 0.1799999999999999378 ) ;
#796 = ORIENTED_EDGE ( 'NONE', *, *, #2245, .T. ) ;
#797 = EDGE_CURVE ( 'NONE', #3263, #2891, #2216, .T. ) ;
#798 = VECTOR ( 'NONE', #1741, 1000.000000000000000 ) ;
#799 = ADVANCED_FACE ( 'NONE', ( #1786 ), #2872, .F. ) ;
#800 = ORIENTED_EDGE ( 'NONE', *, *, #3437, .F. ) ;
#801 = DIRECTION ( 'NONE',  ( 1.000000000000000000, 0.000000000000000000, 0.000000000000000000 ) ) ;
#802 = DIRECTION ( 'NONE',  ( 1.000000000000000000, 0.000000000000000000, 0.000000000000000000 ) ) ;
#803 = AXIS2_PLACEMENT_3D ( 'NONE', #1418, #345, #2811 ) ;
#804 = CARTESIAN_POINT ( 'NONE',  ( -0.6299999999999993383, 0.1275000000000000022, -0.9299999999999999378 ) ) ;
#805 = DIRECTION ( 'NONE',  ( -1.000000000000000000, 0.000000000000000000, 1.129377263005733868E-16 ) ) ;
#806 = DIRECTION ( 'NONE',  ( 0.000000000000000000, -1.000000000000000000, 0.000000000000000000 ) ) ;
#807 = ORIENTED_EDGE ( 'NONE', *, *, #2290, .T. ) ;
#808 = ORIENTED_EDGE ( 'NONE', *, *, #1993, .T. ) ;
#809 = DIRECTION ( 'NONE',  ( -0.000000000000000000, -1.000000000000000000, -0.000000000000000000 ) ) ;
#810 = ORIENTED_EDGE ( 'NONE', *, *, #1273, .T. ) ;
#811 = DIRECTION ( 'NONE',  ( 1.000000000000000000, 0.000000000000000000, 0.000000000000000000 ) ) ;
#812 = VERTEX_POINT ( 'NONE', #1206 ) ;
#813 = CARTESIAN_POINT ( 'NONE',  ( 0.5200000000000000178, 0.4049999999999999711, -0.7200000000000000844 ) ) ;
#814 = ADVANCED_FACE ( 'NONE', ( #426 ), #133, .T. ) ;
#815 = ORIENTED_EDGE ( 'NONE', *, *, #746, .T. ) ;
#816 = DIRECTION ( 'NONE',  ( -1.000000000000000000, 0.000000000000000000, 0.000000000000000000 ) ) ;
#817 = LINE ( 'NONE', #2532, #558 ) ;
#818 = DIRECTION ( 'NONE',  ( 0.000000000000000000, 0.000000000000000000, -1.000000000000000000 ) ) ;
#819 = CARTESIAN_POINT ( 'NONE',  ( -0.7000000000000000666, 0.4049999999999999711, 0.7200000000000001954 ) ) ;
#820 = CARTESIAN_POINT ( 'NONE',  ( -0.6999999999999998446, 0.1274999999999999467, -1.000000000000000000 ) ) ;
#821 = EDGE_CURVE ( 'NONE', #1820, #1038, #967, .T. ) ;
#822 = VERTEX_POINT ( 'NONE', #2076 ) ;
#823 = CARTESIAN_POINT ( 'NONE',  ( 0.8000000000000003775, 0.000000000000000000, -0.9999999999999997780 ) ) ;
#824 = CARTESIAN_POINT ( 'NONE',  ( -0.8000000000000000444, 0.1275000000000000022, 0.8999999999999999112 ) ) ;
#825 = VECTOR ( 'NONE', #1086, 1000.000000000000000 ) ;
#826 = VECTOR ( 'NONE', #50, 1000.000000000000000 ) ;
#827 = ORIENTED_EDGE ( 'NONE', *, *, #1630, .T. ) ;
#828 = DIRECTION ( 'NONE',  ( 0.000000000000000000, -1.000000000000000000, 0.000000000000000000 ) ) ;
#829 = ORIENTED_EDGE ( 'NONE', *, *, #2544, .T. ) ;
#830 = CARTESIAN_POINT ( 'NONE',  ( -0.2500000000000000555, 0.9789693182963199458, 0.3500000000000001998 ) ) ;
#831 = CIRCLE ( 'NONE', #45, 0.08749999999999980016 ) ;
#832 = ORIENTED_EDGE ( 'NONE', *, *, #758, .T. ) ;
#833 = DIRECTION ( 'NONE',  ( 0.000000000000000000, 1.000000000000000000, 0.000000000000000000 ) ) ;
#834 = CARTESIAN_POINT ( 'NONE',  ( -0.4599999999999996869, 0.4899999999999999911, -0.7200000000000000844 ) ) ;
#835 = EDGE_CURVE ( 'NONE', #622, #1609, #1417, .T. ) ;
#836 = AXIS2_PLACEMENT_3D ( 'NONE', #3364, #923, #1599 ) ;
#837 = DIRECTION ( 'NONE',  ( 1.000000000000000000, -0.000000000000000000, -0.000000000000000000 ) ) ;
#838 =( LENGTH_UNIT ( ) NAMED_UNIT ( * ) SI_UNIT ( .MILLI., .METRE. ) );
#839 = AXIS2_PLACEMENT_3D ( 'NONE', #2593, #1592, #3203 ) ;
#840 = DIRECTION ( 'NONE',  ( -4.627122202067982825E-16, -1.000000000000000000, 4.627122202067986770E-16 ) ) ;
#841 = EDGE_CURVE ( 'NONE', #1434, #1714, #2603, .T. ) ;
#842 = ORIENTED_EDGE ( 'NONE', *, *, #23, .F. ) ;
#843 = EDGE_CURVE ( 'NONE', #767, #2568, #2023, .T. ) ;
#844 = CARTESIAN_POINT ( 'NONE',  ( -0.2500000000000000000, 0.1275000000000000022, 0.3500000000000001443 ) ) ;
#845 = DIRECTION ( 'NONE',  ( 0.000000000000000000, -0.000000000000000000, -1.000000000000000000 ) ) ;
#846 = AXIS2_PLACEMENT_3D ( 'NONE', #3180, #1830, #475 ) ;
#847 = ORIENTED_EDGE ( 'NONE', *, *, #634, .T. ) ;
#848 = CARTESIAN_POINT ( 'NONE',  ( 0.2499999999999998890, 0.1275000000000000022, 0.3500000000000002554 ) ) ;
#849 = VERTEX_POINT ( 'NONE', #2858 ) ;
#850 = PRODUCT_DEFINITION_CONTEXT ( 'detailed design', #495, 'design' ) ;
#851 = FACE_OUTER_BOUND ( 'NONE', #606, .T. ) ;
#852 = DIRECTION ( 'NONE',  ( -0.000000000000000000, -1.000000000000000000, -0.000000000000000000 ) ) ;
#853 = EDGE_LOOP ( 'NONE', ( #3033, #3300, #1, #2573 ) ) ;
#854 = CARTESIAN_POINT ( 'NONE',  ( -0.8000000000000001554, 0.2550000000000000044, -1.000000000000000000 ) ) ;
#855 = DIRECTION ( 'NONE',  ( 0.000000000000000000, 0.000000000000000000, -1.000000000000000000 ) ) ;
#856 = LINE ( 'NONE', #1949, #2325 ) ;
#857 = CLOSED_SHELL ( 'NONE', ( #3215, #1889, #2238, #93, #361, #476, #3118, #703, #3496 ) ) ;
#858 = DIRECTION ( 'NONE',  ( 1.000000000000000000, 0.000000000000000000, 0.000000000000000000 ) ) ;
#859 = PRESENTATION_STYLE_ASSIGNMENT (( #2476 ) ) ;
#860 = ORIENTED_EDGE ( 'NONE', *, *, #3518, .T. ) ;
#861 = CARTESIAN_POINT ( 'NONE',  ( -0.4599999999999996869, 0.5000000000000000000, -0.7200000000000000844 ) ) ;
#862 = MECHANICAL_DESIGN_GEOMETRIC_PRESENTATION_REPRESENTATION (  '', ( #1782 ), #2071 ) ;
#863 = ORIENTED_EDGE ( 'NONE', *, *, #1913, .F. ) ;
#864 = EDGE_CURVE ( 'NONE', #94, #2610, #976, .T. ) ;
#865 = CARTESIAN_POINT ( 'NONE',  ( 0.7199999999999998623, 0.3250000000000000666, -0.7200000000000000844 ) ) ;
#866 = DIRECTION ( 'NONE',  ( -1.000000000000000000, 0.000000000000000000, 0.000000000000000000 ) ) ;
#867 = ORIENTED_EDGE ( 'NONE', *, *, #35, .T. ) ;
#868 = FILL_AREA_STYLE ('',( #370 ) ) ;
#869 = ORIENTED_EDGE ( 'NONE', *, *, #2335, .T. ) ;
#870 = EDGE_CURVE ( 'NONE', #1722, #884, #2303, .T. ) ;
#871 = CARTESIAN_POINT ( 'NONE',  ( -0.8000000000000001554, 0.2550000000000000044, 1.000000000000000000 ) ) ;
#872 = ORIENTED_EDGE ( 'NONE', *, *, #1671, .F. ) ;
#873 = FILL_AREA_STYLE ('',( #1129 ) ) ;
#874 = ORIENTED_EDGE ( 'NONE', *, *, #2420, .F. ) ;
#875 = CARTESIAN_POINT ( 'NONE',  ( 0.2499999999999998890, 0.9789693182963199458, 0.9300000000000003819 ) ) ;
#876 = CARTESIAN_POINT ( 'NONE',  ( -0.6299999999999998934, 0.1275000000000000022, 0.9300000000000002709 ) ) ;
#877 = DIRECTION ( 'NONE',  ( 1.000000000000000000, -0.000000000000000000, -0.000000000000000000 ) ) ;
#878 = EDGE_LOOP ( 'NONE', ( #3473, #2486, #53, #1343 ) ) ;
#879 = DIRECTION ( 'NONE',  ( 0.000000000000000000, -1.000000000000000000, 0.000000000000000000 ) ) ;
#880 = DIRECTION ( 'NONE',  ( 0.000000000000000000, 1.858632295689447442E-15, 1.000000000000000000 ) ) ;
#881 = CARTESIAN_POINT ( 'NONE',  ( 0.8000000000000003775, 0.1275000000000000022, -0.3499999999999998113 ) ) ;
#882 = CARTESIAN_POINT ( 'NONE',  ( -0.6299999999999995604, 0.000000000000000000, -0.9300000000000002709 ) ) ;
#883 = DIRECTION ( 'NONE',  ( 0.000000000000000000, 1.000000000000000000, 0.000000000000000000 ) ) ;
#884 = VERTEX_POINT ( 'NONE', #1505 ) ;
#885 = EDGE_CURVE ( 'NONE', #1803, #255, #2586, .T. ) ;
#886 = VECTOR ( 'NONE', #3151, 1000.000000000000000 ) ;
#887 = SURFACE_SIDE_STYLE ('',( #2485 ) ) ;
#888 = ORIENTED_EDGE ( 'NONE', *, *, #1552, .T. ) ;
#889 = EDGE_CURVE ( 'NONE', #2342, #1803, #1222, .T. ) ;
#890 = VECTOR ( 'NONE', #2894, 1000.000000000000000 ) ;
#891 = DIRECTION ( 'NONE',  ( 0.000000000000000000, 1.000000000000000000, 0.000000000000000000 ) ) ;
#892 = VECTOR ( 'NONE', #1594, 1000.000000000000000 ) ;
#893 = ORIENTED_EDGE ( 'NONE', *, *, #1158, .F. ) ;
#894 = CARTESIAN_POINT ( 'NONE',  ( 0.6999999999999999556, 3.280350850198277435, -0.7199999999999999734 ) ) ;
#895 = EDGE_CURVE ( 'NONE', #531, #3238, #2002, .T. ) ;
#896 = VERTEX_POINT ( 'NONE', #115 ) ;
#897 = AXIS2_PLACEMENT_3D ( 'NONE', #2802, #356, #140 ) ;
#898 = FACE_OUTER_BOUND ( 'NONE', #3117, .T. ) ;
#899 = DIRECTION ( 'NONE',  ( -0.7071067811865449082, 0.000000000000000000, -0.7071067811865502373 ) ) ;
#900 = LINE ( 'NONE', #100, #1107 ) ;
#901 = CIRCLE ( 'NONE', #2893, 0.1550000000000001932 ) ;
#902 = CARTESIAN_POINT ( 'NONE',  ( -0.8000000000000001554, 0.1275000000000000022, -0.3499999999999998113 ) ) ;
#903 = ORIENTED_EDGE ( 'NONE', *, *, #1624, .T. ) ;
#904 = DIRECTION ( 'NONE',  ( -0.7071067811865507924, 0.000000000000000000, 0.7071067811865441310 ) ) ;
#905 = VECTOR ( 'NONE', #726, 1000.000000000000114 ) ;
#906 = AXIS2_PLACEMENT_3D ( 'NONE', #2514, #1094, #1132 ) ;
#907 = DIRECTION ( 'NONE',  ( 2.258754526011467242E-16, -0.000000000000000000, -1.000000000000000000 ) ) ;
#908 = DIRECTION ( 'NONE',  ( -1.000000000000000000, 0.000000000000000000, 0.000000000000000000 ) ) ;
#909 = VERTEX_POINT ( 'NONE', #3100 ) ;
#910 = CARTESIAN_POINT ( 'NONE',  ( 0.7300000000000002043, 0.000000000000000000, -0.3499999999999998113 ) ) ;
#911 = CARTESIAN_POINT ( 'NONE',  ( 0.6999999999999997335, 0.000000000000000000, 1.000000000000000000 ) ) ;
#912 = VECTOR ( 'NONE', #3512, 1000.000000000000000 ) ;
#913 = EDGE_LOOP ( 'NONE', ( #2615, #1104, #598, #2925 ) ) ;
#914 = ORIENTED_EDGE ( 'NONE', *, *, #1893, .F. ) ;
#915 = DIRECTION ( 'NONE',  ( 0.000000000000000000, -1.000000000000000000, 0.000000000000000000 ) ) ;
#916 = EDGE_CURVE ( 'NONE', #2812, #2342, #1336, .T. ) ;
#917 = ORIENTED_EDGE ( 'NONE', *, *, #2197, .F. ) ;
#918 = CARTESIAN_POINT ( 'NONE',  ( 0.000000000000000000, 0.5000000000000000000, 0.000000000000000000 ) ) ;
#919 = CARTESIAN_POINT ( 'NONE',  ( 0.6299999999999998934, 0.1275000000000000022, -0.9299999999999999378 ) ) ;
#920 = EDGE_CURVE ( 'NONE', #708, #433, #369, .T. ) ;
#921 = CARTESIAN_POINT ( 'NONE',  ( -0.5199999999999999067, 0.4049999999999999711, -0.7200000000000000844 ) ) ;
#922 = VERTEX_POINT ( 'NONE', #3370 ) ;
#923 = DIRECTION ( 'NONE',  ( -0.000000000000000000, 1.000000000000000000, -0.000000000000000000 ) ) ;
#924 = DIRECTION ( 'NONE',  ( 0.000000000000000000, -1.000000000000000000, 0.000000000000000000 ) ) ;
#925 = VERTEX_POINT ( 'NONE', #930 ) ;
#926 = CARTESIAN_POINT ( 'NONE',  ( 0.2499999999999999445, 0.1275000000000000022, 0.3500000000000002554 ) ) ;
#927 = CARTESIAN_POINT ( 'NONE',  ( 0.7199999999999999734, 0.3250000000000000666, 0.7200000000000004174 ) ) ;
#928 = CARTESIAN_POINT ( 'NONE',  ( 0.6299999999999996714, 0.1275000000000000022, 0.9300000000000003819 ) ) ;
#929 = ORIENTED_EDGE ( 'NONE', *, *, #1197, .F. ) ;
#930 = CARTESIAN_POINT ( 'NONE',  ( 0.2499999999999998335, 0.1275000000000000022, 0.3500000000000002554 ) ) ;
#931 = LINE ( 'NONE', #911, #259 ) ;
#932 = ORIENTED_EDGE ( 'NONE', *, *, #1676, .T. ) ;
#933 = ORIENTED_EDGE ( 'NONE', *, *, #341, .F. ) ;
#934 = CARTESIAN_POINT ( 'NONE',  ( 0.6299999999999998934, 0.1275000000000000022, -0.9299999999999999378 ) ) ;
#935 = ORIENTED_EDGE ( 'NONE', *, *, #1671, .T. ) ;
#936 = FACE_OUTER_BOUND ( 'NONE', #675, .T. ) ;
#937 = CARTESIAN_POINT ( 'NONE',  ( 0.7199999999999999734, 0.4049999999999999711, -0.7200000000000000844 ) ) ;
#938 = EDGE_CURVE ( 'NONE', #922, #295, #2708, .T. ) ;
#939 = PLANE ( 'NONE',  #2564 ) ;
#940 = VERTEX_POINT ( 'NONE', #1039 ) ;
#941 = CARTESIAN_POINT ( 'NONE',  ( 0.2500000000000001665, 0.000000000000000000, -0.9300000000000001599 ) ) ;
#942 = DIRECTION ( 'NONE',  ( 0.000000000000000000, 0.000000000000000000, 1.000000000000000000 ) ) ;
#943 = LINE ( 'NONE', #1554, #1586 ) ;
#944 = ORIENTED_EDGE ( 'NONE', *, *, #1893, .T. ) ;
#945 = DIRECTION ( 'NONE',  ( 0.7071067811865497932, 0.000000000000000000, 0.7071067811865453523 ) ) ;
#946 = PLANE ( 'NONE',  #2144 ) ;
#947 = EDGE_LOOP ( 'NONE', ( #2963, #3091, #566, #442, #1404, #185, #712 ) ) ;
#948 = ORIENTED_EDGE ( 'NONE', *, *, #628, .F. ) ;
#949 = CARTESIAN_POINT ( 'NONE',  ( 0.2499999999999999445, 0.1275000000000000022, 0.3500000000000002554 ) ) ;
#950 = VECTOR ( 'NONE', #776, 1000.000000000000000 ) ;
#951 = VECTOR ( 'NONE', #1875, 1000.000000000000000 ) ;
#952 = DIRECTION ( 'NONE',  ( 0.000000000000000000, -1.000000000000000000, 0.000000000000000000 ) ) ;
#953 = ORIENTED_EDGE ( 'NONE', *, *, #3524, .T. ) ;
#954 = LINE ( 'NONE', #2868, #1478 ) ;
#955 = ADVANCED_FACE ( 'NONE', ( #2434 ), #232, .T. ) ;
#956 = AXIS2_PLACEMENT_3D ( 'NONE', #626, #891, #3040 ) ;
#957 = PLANE ( 'NONE',  #2448 ) ;
#958 = ORIENTED_EDGE ( 'NONE', *, *, #429, .T. ) ;
#959 = VECTOR ( 'NONE', #514, 1000.000000000000000 ) ;
#960 = PLANE ( 'NONE',  #1344 ) ;
#961 = ORIENTED_EDGE ( 'NONE', *, *, #2426, .F. ) ;
#962 = VECTOR ( 'NONE', #2691, 1000.000000000000227 ) ;
#963 = EDGE_CURVE ( 'NONE', #295, #351, #1325, .T. ) ;
#964 = DIRECTION ( 'NONE',  ( 3.388131789017201849E-16, 0.000000000000000000, -1.000000000000000000 ) ) ;
#965 = CARTESIAN_POINT ( 'NONE',  ( -0.5199999999999995737, 0.4899999999999999911, -0.7200000000000000844 ) ) ;
#966 = ORIENTED_EDGE ( 'NONE', *, *, #2392, .T. ) ;
#967 = CIRCLE ( 'NONE', #2058, 0.1000000000000002554 ) ;
#968 = EDGE_LOOP ( 'NONE', ( #2360, #3286, #680, #3330 ) ) ;
#969 = LINE ( 'NONE', #1231, #3291 ) ;
#970 = ORIENTED_EDGE ( 'NONE', *, *, #3143, .T. ) ;
#971 = LINE ( 'NONE', #2070, #1241 ) ;
#972 = PLANE ( 'NONE',  #979 ) ;
#973 = FACE_OUTER_BOUND ( 'NONE', #3415, .T. ) ;
#974 = ORIENTED_EDGE ( 'NONE', *, *, #2261, .F. ) ;
#975 = ADVANCED_FACE ( 'NONE', ( #2451 ), #2703, .T. ) ;
#976 = LINE ( 'NONE', #1801, #1979 ) ;
#977 = CARTESIAN_POINT ( 'NONE',  ( -0.8000000000000003775, 0.1275000000000000022, -0.9300000000000002709 ) ) ;
#978 = ORIENTED_EDGE ( 'NONE', *, *, #3482, .F. ) ;
#979 = AXIS2_PLACEMENT_3D ( 'NONE', #206, #3419, #987 ) ;
#980 = VERTEX_POINT ( 'NONE', #1871 ) ;
#981 = PRESENTATION_STYLE_ASSIGNMENT (( #1012 ) ) ;
#982 = ADVANCED_FACE ( 'NONE', ( #1903 ), #3220, .F. ) ;
#983 = DIRECTION ( 'NONE',  ( -0.000000000000000000, 1.000000000000000000, -0.000000000000000000 ) ) ;
#984 = EDGE_LOOP ( 'NONE', ( #3108, #1011, #2646, #2641 ) ) ;
#985 = FACE_OUTER_BOUND ( 'NONE', #715, .T. ) ;
#986 = LINE ( 'NONE', #2900, #3000 ) ;
#987 = DIRECTION ( 'NONE',  ( -1.000000000000000000, 0.000000000000000000, 0.000000000000000000 ) ) ;
#988 = CARTESIAN_POINT ( 'NONE',  ( -0.2500000000000001110, 0.9789693182963199458, 0.9300000000000002709 ) ) ;
#989 = ORIENTED_EDGE ( 'NONE', *, *, #2353, .F. ) ;
#990 = LINE ( 'NONE', #1819, #886 ) ;
#991 = ORIENTED_EDGE ( 'NONE', *, *, #2170, .T. ) ;
#992 = ADVANCED_FACE ( 'NONE', ( #2413 ), #2961, .F. ) ;
#993 = ADVANCED_FACE ( 'NONE', ( #2942 ), #3505, .T. ) ;
#994 = EDGE_LOOP ( 'NONE', ( #1617, #306, #2652, #2687 ) ) ;
#995 = CARTESIAN_POINT ( 'NONE',  ( 0.2500000000000002220, 0.000000000000000000, -0.9999999999999997780 ) ) ;
#996 = DIRECTION ( 'NONE',  ( 0.000000000000000000, 0.000000000000000000, 1.000000000000000000 ) ) ;
#997 = EDGE_CURVE ( 'NONE', #3382, #3099, #550, .T. ) ;
#998 = ORIENTED_EDGE ( 'NONE', *, *, #3037, .T. ) ;
#999 = VECTOR ( 'NONE', #2367, 1000.000000000000000 ) ;
#1000 = DIRECTION ( 'NONE',  ( -0.7071067811865447972, 0.000000000000000000, 0.7071067811865502373 ) ) ;
#1001 = DIRECTION ( 'NONE',  ( -1.000000000000000000, 0.000000000000000000, -2.258754526011467242E-16 ) ) ;
#1002 = AXIS2_PLACEMENT_3D ( 'NONE', #1016, #1579, #1827 ) ;
#1003 = CARTESIAN_POINT ( 'NONE',  ( -0.5199999999999999067, 0.4049999999999999711, 0.9200000000000000400 ) ) ;
#1004 = CYLINDRICAL_SURFACE ( 'NONE', #2048, 0.1000000000000002554 ) ;
#1005 = AXIS2_PLACEMENT_3D ( 'NONE', #2083, #1264, #3443 ) ;
#1006 = VERTEX_POINT ( 'NONE', #3025 ) ;
#1007 = LINE ( 'NONE', #2321, #1329 ) ;
#1008 = VERTEX_POINT ( 'NONE', #76 ) ;
#1009 = VECTOR ( 'NONE', #3433, 1000.000000000000000 ) ;
#1010 = AXIS2_PLACEMENT_3D ( 'NONE', #137, #852, #3026 ) ;
#1011 = ORIENTED_EDGE ( 'NONE', *, *, #3320, .T. ) ;
#1012 = SURFACE_STYLE_USAGE ( .BOTH. , #1227 ) ;
#1013 = VECTOR ( 'NONE', #3217, 1000.000000000000000 ) ;
#1014 = ADVANCED_FACE ( 'NONE', ( #1692 ), #335, .T. ) ;
#1015 = ORIENTED_EDGE ( 'NONE', *, *, #774, .F. ) ;
#1016 = CARTESIAN_POINT ( 'NONE',  ( -0.8000000000000003775, 0.1275000000000000022, 1.000000000000000000 ) ) ;
#1017 = CARTESIAN_POINT ( 'NONE',  ( -0.7550000000000000044, 0.2549999999999998934, 0.7200000000000004174 ) ) ;
#1018 = AXIS2_PLACEMENT_3D ( 'NONE', #2784, #2848, #420 ) ;
#1019 = EDGE_CURVE ( 'NONE', #120, #2414, #3119, .T. ) ;
#1020 = CARTESIAN_POINT ( 'NONE',  ( 0.2500000000000002220, 0.1275000000000000022, -0.9999999999999997780 ) ) ;
#1021 = DIRECTION ( 'NONE',  ( -0.000000000000000000, -1.000000000000000000, -0.000000000000000000 ) ) ;
#1022 = ADVANCED_FACE ( 'NONE', ( #2754 ), #1860, .T. ) ;
#1023 = EDGE_LOOP ( 'NONE', ( #3066, #1166, #2986, #3452 ) ) ;
#1024 = DIRECTION ( 'NONE',  ( 0.000000000000000000, 1.000000000000000000, 0.000000000000000000 ) ) ;
#1025 = ORIENTED_EDGE ( 'NONE', *, *, #2121, .F. ) ;
#1026 = CLOSED_SHELL ( 'NONE', ( #2753, #1616, #156, #1387, #799, #2152, #600, #46, #2973, #2549, #2662, #274, #119, #1022, #1378, #1077, #955, #3398, #3442, #145, #2189 ) ) ;
#1027 = AXIS2_PLACEMENT_3D ( 'NONE', #513, #1304, #2181 ) ;
#1028 = LINE ( 'NONE', #2914, #2943 ) ;
#1029 = EDGE_LOOP ( 'NONE', ( #1209, #1211, #1695, #2424 ) ) ;
#1030 = DIRECTION ( 'NONE',  ( 0.000000000000000000, -1.000000000000000000, 0.000000000000000000 ) ) ;
#1031 = LINE ( 'NONE', #1892, #2617 ) ;
#1032 = EDGE_CURVE ( 'NONE', #693, #73, #3169, .T. ) ;
#1033 = FACE_OUTER_BOUND ( 'NONE', #1128, .T. ) ;
#1034 = PLANE ( 'NONE',  #1920 ) ;
#1035 = ORIENTED_EDGE ( 'NONE', *, *, #2392, .F. ) ;
#1036 = EDGE_CURVE ( 'NONE', #2984, #3464, #1944, .T. ) ;
#1037 = DIRECTION ( 'NONE',  ( -0.000000000000000000, -0.000000000000000000, -1.000000000000000000 ) ) ;
#1038 = VERTEX_POINT ( 'NONE', #1985 ) ;
#1039 = CARTESIAN_POINT ( 'NONE',  ( -0.7200000000000000844, 0.4049999999999999711, -0.7199999999999999734 ) ) ;
#1040 = ORIENTED_EDGE ( 'NONE', *, *, #2034, .T. ) ;
#1041 = CARTESIAN_POINT ( 'NONE',  ( 0.6999999999999998446, 0.4049999999999999711, -0.7200000000000000844 ) ) ;
#1042 = CARTESIAN_POINT ( 'NONE',  ( -0.5199999999999999067, 0.4049999999999999711, 0.7200000000000004174 ) ) ;
#1043 = EDGE_CURVE ( 'NONE', #1346, #1123, #3064, .T. ) ;
#1044 = CYLINDRICAL_SURFACE ( 'NONE', #639, 0.02499999999999995628 ) ;
#1045 = CARTESIAN_POINT ( 'NONE',  ( 0.6999999999999996225, 0.2500000000000000000, 1.000000000000000000 ) ) ;
#1046 = AXIS2_PLACEMENT_3D ( 'NONE', #1397, #2794, #1444 ) ;
#1047 = ORIENTED_EDGE ( 'NONE', *, *, #611, .T. ) ;
#1048 = VECTOR ( 'NONE', #3350, 1000.000000000000000 ) ;
#1049 = DIRECTION ( 'NONE',  ( 0.7071067811865473507, 0.000000000000000000, 0.7071067811865477948 ) ) ;
#1050 = EDGE_CURVE ( 'NONE', #3387, #1504, #56, .T. ) ;
#1051 = AXIS2_PLACEMENT_3D ( 'NONE', #1990, #2009, #2781 ) ;
#1052 = CARTESIAN_POINT ( 'NONE',  ( -0.7300000000000002043, 0.9789693182963199458, 0.3500000000000000333 ) ) ;
#1053 = ADVANCED_FACE ( 'NONE', ( #851 ), #1674, .F. ) ;
#1054 = CIRCLE ( 'NONE', #1984, 0.1000000000000002554 ) ;
#1055 = CARTESIAN_POINT ( 'NONE',  ( 0.6299999999999996714, 0.1275000000000000022, 0.9300000000000003819 ) ) ;
#1056 = ORIENTED_EDGE ( 'NONE', *, *, #250, .F. ) ;
#1057 = AXIS2_PLACEMENT_3D ( 'NONE', #1116, #840, #2219 ) ;
#1058 = AXIS2_PLACEMENT_3D ( 'NONE', #3224, #474, #1876 ) ;
#1059 = VERTEX_POINT ( 'NONE', #603 ) ;
#1060 = DIRECTION ( 'NONE',  ( 1.000000000000000000, 0.000000000000000000, 0.000000000000000000 ) ) ;
#1061 = LINE ( 'NONE', #509, #326 ) ;
#1062 = AXIS2_PLACEMENT_3D ( 'NONE', #61, #3315, #3257 ) ;
#1063 = CARTESIAN_POINT ( 'NONE',  ( -0.6299999999999998934, 0.9789693182963199458, 0.9300000000000002709 ) ) ;
#1064 = CARTESIAN_POINT ( 'NONE',  ( 0.5199999999999997957, 0.5000000000000000000, -0.8749999999999998890 ) ) ;
#1065 = AXIS2_PLACEMENT_3D ( 'NONE', #591, #1680, #1648 ) ;
#1066 = PLANE ( 'NONE',  #3427 ) ;
#1067 = DIRECTION ( 'NONE',  ( 1.000000000000000000, 0.000000000000000000, 0.000000000000000000 ) ) ;
#1068 = ORIENTED_EDGE ( 'NONE', *, *, #3156, .T. ) ;
#1069 = ORIENTED_EDGE ( 'NONE', *, *, #1630, .F. ) ;
#1070 = DIRECTION ( 'NONE',  ( -1.000000000000000000, 0.000000000000000000, 0.000000000000000000 ) ) ;
#1071 = ORIENTED_EDGE ( 'NONE', *, *, #112, .F. ) ;
#1072 = EDGE_CURVE ( 'NONE', #2568, #1363, #900, .T. ) ;
#1073 = DIRECTION ( 'NONE',  ( 0.000000000000000000, 0.000000000000000000, -1.000000000000000000 ) ) ;
#1074 = ORIENTED_EDGE ( 'NONE', *, *, #821, .F. ) ;
#1075 = CARTESIAN_POINT ( 'NONE',  ( 0.5200000000000000178, 0.4049999999999999711, -0.9000000000000001332 ) ) ;
#1076 = COLOUR_RGB ( '',0.2509803921568627416, 0.2509803921568627416, 0.2509803921568627416 ) ;
#1077 = ADVANCED_FACE ( 'NONE', ( #2310 ), #1235, .T. ) ;
#1078 = ORIENTED_EDGE ( 'NONE', *, *, #656, .F. ) ;
#1079 = LINE ( 'NONE', #3028, #2044 ) ;
#1080 = DIRECTION ( 'NONE',  ( 0.000000000000000000, 1.000000000000000000, 0.000000000000000000 ) ) ;
#1081 = AXIS2_PLACEMENT_3D ( 'NONE', #129, #924, #658 ) ;
#1082 = DIRECTION ( 'NONE',  ( 7.529181753371559939E-17, 0.000000000000000000, -1.000000000000000000 ) ) ;
#1083 = DIRECTION ( 'NONE',  ( -0.000000000000000000, 1.000000000000000000, -0.000000000000000000 ) ) ;
#1084 = CYLINDRICAL_SURFACE ( 'NONE', #1638, 0.08749999999999946709 ) ;
#1085 = EDGE_LOOP ( 'NONE', ( #860, #917, #3058, #1904 ) ) ;
#1086 = DIRECTION ( 'NONE',  ( -0.000000000000000000, -0.000000000000000000, 1.000000000000000000 ) ) ;
#1087 = ORIENTED_EDGE ( 'NONE', *, *, #1555, .F. ) ;
#1088 = CARTESIAN_POINT ( 'NONE',  ( -0.7300000000000002043, 0.000000000000000000, 0.8300000000000002931 ) ) ;
#1089 = EDGE_CURVE ( 'NONE', #433, #79, #2150, .T. ) ;
#1090 = VERTEX_POINT ( 'NONE', #919 ) ;
#1091 = EDGE_CURVE ( 'NONE', #3238, #1006, #2612, .T. ) ;
#1092 = ORIENTED_EDGE ( 'NONE', *, *, #835, .F. ) ;
#1093 = CARTESIAN_POINT ( 'NONE',  ( -0.5199999999999999067, 0.4049999999999999711, -0.7200000000000000844 ) ) ;
#1094 = DIRECTION ( 'NONE',  ( 0.000000000000000000, -1.000000000000000000, 0.000000000000000000 ) ) ;
#1095 = LINE ( 'NONE', #1877, #727 ) ;
#1096 = CARTESIAN_POINT ( 'NONE',  ( -0.5199999999999995737, 3.280350850198277435, -0.9000000000000002442 ) ) ;
#1097 = DIRECTION ( 'NONE',  ( 0.000000000000000000, 1.000000000000000000, 0.000000000000000000 ) ) ;
#1098 = CARTESIAN_POINT ( 'NONE',  ( -0.7300000000000000933, 0.000000000000000000, -0.3499999999999998668 ) ) ;
#1099 = ORIENTED_EDGE ( 'NONE', *, *, #213, .T. ) ;
#1100 = DIRECTION ( 'NONE',  ( 1.000000000000000000, 0.000000000000000000, 2.085004177856740055E-16 ) ) ;
#1101 = LINE ( 'NONE', #2202, #1238 ) ;
#1102 = AXIS2_PLACEMENT_3D ( 'NONE', #2154, #794, #1882 ) ;
#1103 = VECTOR ( 'NONE', #3333, 1000.000000000000000 ) ;
#1104 = ORIENTED_EDGE ( 'NONE', *, *, #657, .F. ) ;
#1105 = FACE_OUTER_BOUND ( 'NONE', #1732, .T. ) ;
#1106 = ORIENTED_EDGE ( 'NONE', *, *, #665, .F. ) ;
#1107 = VECTOR ( 'NONE', #318, 1000.000000000000000 ) ;
#1108 = DIRECTION ( 'NONE',  ( 2.085004177856735617E-16, 0.000000000000000000, -1.000000000000000000 ) ) ;
#1109 = ORIENTED_EDGE ( 'NONE', *, *, #738, .F. ) ;
#1110 = FACE_OUTER_BOUND ( 'NONE', #2606, .T. ) ;
#1111 = CARTESIAN_POINT ( 'NONE',  ( -0.8000000000000003775, 0.1275000000000000022, 0.3500000000000002554 ) ) ;
#1112 = VECTOR ( 'NONE', #66, 1000.000000000000000 ) ;
#1113 = EDGE_CURVE ( 'NONE', #1251, #2875, #3336, .T. ) ;
#1114 = FACE_OUTER_BOUND ( 'NONE', #3523, .T. ) ;
#1115 = VECTOR ( 'NONE', #373, 1000.000000000000000 ) ;
#1116 = CARTESIAN_POINT ( 'NONE',  ( 0.5200000000000000178, 0.3250000000000000111, -0.7199999999999998623 ) ) ;
#1117 = EDGE_CURVE ( 'NONE', #2898, #36, #263, .T. ) ;
#1118 = ORIENTED_EDGE ( 'NONE', *, *, #889, .T. ) ;
#1119 = AXIS2_PLACEMENT_3D ( 'NONE', #1242, #391, #713 ) ;
#1120 = CARTESIAN_POINT ( 'NONE',  ( 0.6999999999999998446, 0.2500000000000000000, -1.000000000000000000 ) ) ;
#1121 = LINE ( 'NONE', #2223, #3116 ) ;
#1122 = EDGE_CURVE ( 'NONE', #2610, #245, #3379, .T. ) ;
#1123 = VERTEX_POINT ( 'NONE', #2847 ) ;
#1124 = FACE_OUTER_BOUND ( 'NONE', #3431, .T. ) ;
#1125 = ORIENTED_EDGE ( 'NONE', *, *, #2016, .F. ) ;
#1126 = UNCERTAINTY_MEASURE_WITH_UNIT (LENGTH_MEASURE( 1.000000000000000082E-05 ), #2762, 'distance_accuracy_value', 'NONE');
#1127 = DIRECTION ( 'NONE',  ( -0.7071067811865507924, 0.000000000000000000, -0.7071067811865441310 ) ) ;
#1128 = EDGE_LOOP ( 'NONE', ( #3044, #1865, #30, #2750 ) ) ;
#1129 = FILL_AREA_STYLE_COLOUR ( '', #3003 ) ;
#1130 = ORIENTED_EDGE ( 'NONE', *, *, #1558, .T. ) ;
#1131 = DIRECTION ( 'NONE',  ( -1.000000000000000000, 0.000000000000000000, 0.000000000000000000 ) ) ;
#1132 = DIRECTION ( 'NONE',  ( 1.000000000000000000, 0.000000000000000000, 0.000000000000000000 ) ) ;
#1133 = CARTESIAN_POINT ( 'NONE',  ( 0.7299999999999999822, 0.000000000000000000, 0.8300000000000004041 ) ) ;
#1134 = AXIS2_PLACEMENT_3D ( 'NONE', #1704, #2789, #2148 ) ;
#1135 = CARTESIAN_POINT ( 'NONE',  ( -0.8000000000000003775, 0.1275000000000000022, -0.3500000000000000333 ) ) ;
#1136 = ORIENTED_EDGE ( 'NONE', *, *, #419, .F. ) ;
#1137 = DIRECTION ( 'NONE',  ( 1.000000000000000000, 0.000000000000000000, 0.000000000000000000 ) ) ;
#1138 = EDGE_CURVE ( 'NONE', #1900, #2098, #470, .T. ) ;
#1139 = CARTESIAN_POINT ( 'NONE',  ( -0.6299999999999998934, 0.1275000000000000022, 0.9300000000000002709 ) ) ;
#1140 = CARTESIAN_POINT ( 'NONE',  ( -0.7200000000000000844, 0.4049999999999999711, -0.7200000000000000844 ) ) ;
#1141 = CARTESIAN_POINT ( 'NONE',  ( 0.6299999999999998934, 0.1275000000000000022, -0.9299999999999999378 ) ) ;
#1142 = DIRECTION ( 'NONE',  ( -4.627122202067982825E-16, 1.000000000000000000, -4.627122202067974937E-16 ) ) ;
#1143 = VERTEX_POINT ( 'NONE', #2067 ) ;
#1144 = EDGE_CURVE ( 'NONE', #2704, #1775, #1054, .T. ) ;
#1145 = LINE ( 'NONE', #1960, #2536 ) ;
#1146 = ORIENTED_EDGE ( 'NONE', *, *, #1089, .F. ) ;
#1147 = DIRECTION ( 'NONE',  ( -1.000000000000000000, 0.000000000000000000, 0.000000000000000000 ) ) ;
#1148 = ORIENTED_EDGE ( 'NONE', *, *, #1745, .T. ) ;
#1149 = CARTESIAN_POINT ( 'NONE',  ( 0.5199999999999996847, 0.3249999999999997891, 0.7200000000000004174 ) ) ;
#1150 = ORIENTED_EDGE ( 'NONE', *, *, #2578, .T. ) ;
#1151 = LINE ( 'NONE', #3069, #2323 ) ;
#1152 = CARTESIAN_POINT ( 'NONE',  ( 0.7300000000000002043, 0.000000000000000000, -0.3499999999999998113 ) ) ;
#1153 = CARTESIAN_POINT ( 'NONE',  ( -0.8000000000000001554, 0.1275000000000000022, 1.000000000000000000 ) ) ;
#1154 = DIRECTION ( 'NONE',  ( 0.000000000000000000, -1.000000000000000000, 0.000000000000000000 ) ) ;
#1155 = SURFACE_SIDE_STYLE ('',( #3362 ) ) ;
#1156 = EDGE_LOOP ( 'NONE', ( #2229, #1411, #2628, #1056 ) ) ;
#1157 = CARTESIAN_POINT ( 'NONE',  ( 0.2499999999999999445, 0.1275000000000000022, 0.3500000000000002554 ) ) ;
#1158 = EDGE_CURVE ( 'NONE', #2891, #3152, #486, .T. ) ;
#1159 = DIRECTION ( 'NONE',  ( 0.000000000000000000, 1.000000000000000000, 0.000000000000000000 ) ) ;
#1160 = LINE ( 'NONE', #2258, #3500 ) ;
#1161 = VERTEX_POINT ( 'NONE', #737 ) ;
#1162 = EDGE_CURVE ( 'NONE', #1970, #2220, #2661, .T. ) ;
#1163 = DIRECTION ( 'NONE',  ( -1.000000000000000000, 0.000000000000000000, 0.000000000000000000 ) ) ;
#1164 = AXIS2_PLACEMENT_3D ( 'NONE', #2873, #2625, #1802 ) ;
#1165 = DIRECTION ( 'NONE',  ( 1.000000000000000000, 0.000000000000000000, 0.000000000000000000 ) ) ;
#1166 = ORIENTED_EDGE ( 'NONE', *, *, #293, .T. ) ;
#1167 = EDGE_CURVE ( 'NONE', #2371, #1803, #1340, .T. ) ;
#1168 = VECTOR ( 'NONE', #2899, 1000.000000000000000 ) ;
#1169 = VECTOR ( 'NONE', #1163, 1000.000000000000000 ) ;
#1170 = EDGE_LOOP ( 'NONE', ( #690, #2231, #832, #625 ) ) ;
#1171 = LINE ( 'NONE', #3042, #3231 ) ;
#1172 = ORIENTED_EDGE ( 'NONE', *, *, #963, .F. ) ;
#1173 = VECTOR ( 'NONE', #1196, 1000.000000000000114 ) ;
#1174 = DIRECTION ( 'NONE',  ( 1.000000000000000000, 0.000000000000000000, 0.000000000000000000 ) ) ;
#1175 = DIRECTION ( 'NONE',  ( -0.000000000000000000, -0.000000000000000000, -1.000000000000000000 ) ) ;
#1176 = VECTOR ( 'NONE', #539, 1000.000000000000000 ) ;
#1177 = LINE ( 'NONE', #1969, #1772 ) ;
#1178 =( NAMED_UNIT ( * ) PLANE_ANGLE_UNIT ( ) SI_UNIT ( $, .RADIAN. ) );
#1179 = EDGE_LOOP ( 'NONE', ( #2006, #2244, #1443, #944 ) ) ;
#1180 = DIRECTION ( 'NONE',  ( 0.000000000000000000, 0.000000000000000000, -1.000000000000000000 ) ) ;
#1181 = DIRECTION ( 'NONE',  ( -0.000000000000000000, -1.000000000000000000, -0.000000000000000000 ) ) ;
#1182 = EDGE_LOOP ( 'NONE', ( #2271, #3141, #3278, #3311 ) ) ;
#1183 = CARTESIAN_POINT ( 'NONE',  ( -0.5199999999999996847, 0.2550000000000002820, -0.7200000000000001954 ) ) ;
#1184 = CARTESIAN_POINT ( 'NONE',  ( -0.5199999999999996847, 0.3250000000000000111, -0.7200000000000001954 ) ) ;
#1185 = CARTESIAN_POINT ( 'NONE',  ( 0.6300000000000000044, 0.1275000000000000022, -0.9299999999999999378 ) ) ;
#1186 =( GEOMETRIC_REPRESENTATION_CONTEXT ( 3 ) GLOBAL_UNCERTAINTY_ASSIGNED_CONTEXT ( ( #1379 ) ) GLOBAL_UNIT_ASSIGNED_CONTEXT ( ( #1376, #2737, #332 ) ) REPRESENTATION_CONTEXT ( 'NONE', 'WORKASPACE' ) );
#1187 = ORIENTED_EDGE ( 'NONE', *, *, #2828, .T. ) ;
#1188 = DIRECTION ( 'NONE',  ( -0.7071067811865507924, -0.000000000000000000, -0.7071067811865441310 ) ) ;
#1189 = VECTOR ( 'NONE', #2693, 1000.000000000000000 ) ;
#1190 = ORIENTED_EDGE ( 'NONE', *, *, #313, .T. ) ;
#1191 = EDGE_CURVE ( 'NONE', #79, #1377, #1028, .T. ) ;
#1192 = VERTEX_POINT ( 'NONE', #1563 ) ;
#1193 = DIRECTION ( 'NONE',  ( 0.7071067811865442421, 0.000000000000000000, -0.7071067811865509034 ) ) ;
#1194 = VERTEX_POINT ( 'NONE', #2645 ) ;
#1195 = DIRECTION ( 'NONE',  ( 0.7071067811865442421, 0.000000000000000000, 0.7071067811865509034 ) ) ;
#1196 = DIRECTION ( 'NONE',  ( -0.7071067811865507924, 0.000000000000000000, -0.7071067811865441310 ) ) ;
#1197 = EDGE_CURVE ( 'NONE', #2974, #3382, #1277, .T. ) ;
#1198 = DIRECTION ( 'NONE',  ( -1.000000000000000000, 0.000000000000000000, 1.426581805901980621E-16 ) ) ;
#1199 = ORIENTED_EDGE ( 'NONE', *, *, #2591, .F. ) ;
#1200 = CARTESIAN_POINT ( 'NONE',  ( -0.5199999999999995737, 0.4899999999999999911, -0.7200000000000000844 ) ) ;
#1201 = AXIS2_PLACEMENT_3D ( 'NONE', #1721, #1433, #2012 ) ;
#1202 = LINE ( 'NONE', #1567, #12 ) ;
#1203 = VERTEX_POINT ( 'NONE', #2116 ) ;
#1204 = DIRECTION ( 'NONE',  ( 0.000000000000000000, 1.000000000000000000, 0.000000000000000000 ) ) ;
#1205 = ORIENTED_EDGE ( 'NONE', *, *, #2353, .T. ) ;
#1206 = CARTESIAN_POINT ( 'NONE',  ( -0.2499999999999997780, 0.1275000000000000022, -0.9300000000000002709 ) ) ;
#1207 = LINE ( 'NONE', #2169, #1626 ) ;
#1208 = ORIENTED_EDGE ( 'NONE', *, *, #67, .F. ) ;
#1209 = ORIENTED_EDGE ( 'NONE', *, *, #3407, .T. ) ;
#1210 =( NAMED_UNIT ( * ) SI_UNIT ( $, .STERADIAN. ) SOLID_ANGLE_UNIT ( ) );
#1211 = ORIENTED_EDGE ( 'NONE', *, *, #1939, .F. ) ;
#1212 = CYLINDRICAL_SURFACE ( 'NONE', #1051, 0.1999999999999999833 ) ;
#1213 = EDGE_CURVE ( 'NONE', #1775, #2078, #3190, .T. ) ;
#1214 = DIRECTION ( 'NONE',  ( -0.7071067811865507924, -0.000000000000000000, 0.7071067811865441310 ) ) ;
#1215 = DIRECTION ( 'NONE',  ( -1.000000000000000000, 0.000000000000000000, -5.706327223607922485E-16 ) ) ;
#1216 = EDGE_CURVE ( 'NONE', #68, #3238, #1350, .T. ) ;
#1217 = DIRECTION ( 'NONE',  ( 1.000000000000000000, -0.000000000000000000, -0.000000000000000000 ) ) ;
#1218 = EDGE_LOOP ( 'NONE', ( #334, #1367, #2247, #808 ) ) ;
#1219 = DIRECTION ( 'NONE',  ( 1.000000000000000000, 0.000000000000000000, 0.000000000000000000 ) ) ;
#1220 = MECHANICAL_DESIGN_GEOMETRIC_PRESENTATION_REPRESENTATION (  '', ( #3324 ), #201 ) ;
#1221 = ORIENTED_EDGE ( 'NONE', *, *, #634, .F. ) ;
#1222 = LINE ( 'NONE', #2263, #1048 ) ;
#1223 = CARTESIAN_POINT ( 'NONE',  ( 0.5200000000000000178, 0.4750000000000010325, -0.9000000000000001332 ) ) ;
#1224 = ORIENTED_EDGE ( 'NONE', *, *, #1514, .T. ) ;
#1225 = DIRECTION ( 'NONE',  ( -0.000000000000000000, -1.000000000000000000, -0.000000000000000000 ) ) ;
#1226 = ORIENTED_EDGE ( 'NONE', *, *, #1167, .F. ) ;
#1227 = SURFACE_SIDE_STYLE ('',( #1824 ) ) ;
#1228 =( LENGTH_UNIT ( ) NAMED_UNIT ( * ) SI_UNIT ( .MILLI., .METRE. ) );
#1229 = AXIS2_PLACEMENT_3D ( 'NONE', #1183, #2791, #3078 ) ;
#1230 = AXIS2_PLACEMENT_3D ( 'NONE', #918, #1735, #3087 ) ;
#1231 = CARTESIAN_POINT ( 'NONE',  ( -0.7299999999999998712, 0.000000000000000000, -0.8300000000000000711 ) ) ;
#1232 = VERTEX_POINT ( 'NONE', #40 ) ;
#1233 = PLANE ( 'NONE',  #2950 ) ;
#1234 = EDGE_CURVE ( 'NONE', #1383, #925, #22, .T. ) ;
#1235 = TOROIDAL_SURFACE ( 'NONE', #1584, 0.1549999999999997491, 0.02500000000000022690 ) ;
#1236 = CARTESIAN_POINT ( 'NONE',  ( -0.6299999999999998934, 0.000000000000000000, 0.9300000000000002709 ) ) ;
#1237 = AXIS2_PLACEMENT_3D ( 'NONE', #830, #1380, #1888 ) ;
#1238 = VECTOR ( 'NONE', #1957, 1000.000000000000000 ) ;
#1239 = CARTESIAN_POINT ( 'NONE',  ( -0.2499999999999998890, 0.1275000000000000022, -0.5899999999999976374 ) ) ;
#1240 = ORIENTED_EDGE ( 'NONE', *, *, #1312, .T. ) ;
#1241 = VECTOR ( 'NONE', #3146, 1000.000000000000114 ) ;
#1242 = CARTESIAN_POINT ( 'NONE',  ( -0.5199999999999999067, 3.280350850198277435, 0.9000000000000003553 ) ) ;
#1243 = EDGE_CURVE ( 'NONE', #1471, #94, #1095, .T. ) ;
#1244 = DIRECTION ( 'NONE',  ( 1.000000000000000000, -0.000000000000000000, -0.000000000000000000 ) ) ;
#1245 = ORIENTED_EDGE ( 'NONE', *, *, #1360, .F. ) ;
#1246 = AXIS2_PLACEMENT_3D ( 'NONE', #2758, #855, #2495 ) ;
#1247 = VECTOR ( 'NONE', #300, 1000.000000000000000 ) ;
#1248 = EDGE_LOOP ( 'NONE', ( #272, #1445, #409, #1092 ) ) ;
#1249 = PRESENTATION_STYLE_ASSIGNMENT (( #3142 ) ) ;
#1250 = DIRECTION ( 'NONE',  ( 1.000000000000000000, 0.000000000000000000, 0.000000000000000000 ) ) ;
#1251 = VERTEX_POINT ( 'NONE', #1930 ) ;
#1252 = DIRECTION ( 'NONE',  ( -0.000000000000000000, -0.000000000000000000, -1.000000000000000000 ) ) ;
#1253 = DIRECTION ( 'NONE',  ( -1.000000000000000000, 0.000000000000000000, 0.000000000000000000 ) ) ;
#1254 = EDGE_CURVE ( 'NONE', #1194, #2207, #3510, .T. ) ;
#1255 = EDGE_CURVE ( 'NONE', #2207, #1746, #856, .T. ) ;
#1256 = CARTESIAN_POINT ( 'NONE',  ( -0.7299999999999999822, 0.9789693182963199458, -0.3499999999999999223 ) ) ;
#1257 = LINE ( 'NONE', #3435, #264 ) ;
#1258 = ORIENTED_EDGE ( 'NONE', *, *, #739, .F. ) ;
#1259 = ADVANCED_FACE ( 'NONE', ( #7 ), #1600, .F. ) ;
#1260 = LINE ( 'NONE', #3167, #721 ) ;
#1261 = VERTEX_POINT ( 'NONE', #1461 ) ;
#1262 = EDGE_CURVE ( 'NONE', #1274, #1710, #2815, .T. ) ;
#1263 = VERTEX_POINT ( 'NONE', #1185 ) ;
#1264 = DIRECTION ( 'NONE',  ( 0.000000000000000000, -1.000000000000000000, 0.000000000000000000 ) ) ;
#1265 = ORIENTED_EDGE ( 'NONE', *, *, #2467, .F. ) ;
#1266 = CARTESIAN_POINT ( 'NONE',  ( 0.8000000000000001554, 0.1275000000000000022, 1.000000000000000222 ) ) ;
#1267 = LINE ( 'NONE', #2297, #1009 ) ;
#1268 = DIRECTION ( 'NONE',  ( 7.529181753371557474E-17, 0.000000000000000000, 1.000000000000000000 ) ) ;
#1269 = DIRECTION ( 'NONE',  ( -1.000000000000000000, 0.000000000000000000, 0.000000000000000000 ) ) ;
#1270 = ORIENTED_EDGE ( 'NONE', *, *, #2713, .T. ) ;
#1271 = CARTESIAN_POINT ( 'NONE',  ( -0.7300000000000002043, 0.1275000000000000022, 0.3500000000000000333 ) ) ;
#1272 = VERTEX_POINT ( 'NONE', #3347 ) ;
#1273 = EDGE_CURVE ( 'NONE', #548, #79, #643, .T. ) ;
#1274 = VERTEX_POINT ( 'NONE', #2283 ) ;
#1275 = LINE ( 'NONE', #1574, #2157 ) ;
#1276 = EDGE_CURVE ( 'NONE', #2583, #1272, #3368, .T. ) ;
#1277 = LINE ( 'NONE', #2129, #2262 ) ;
#1278 = EDGE_CURVE ( 'NONE', #2908, #2318, #662, .T. ) ;
#1279 = ORIENTED_EDGE ( 'NONE', *, *, #1138, .F. ) ;
#1280 = VECTOR ( 'NONE', #2090, 1000.000000000000000 ) ;
#1281 = CARTESIAN_POINT ( 'NONE',  ( -0.8000000000000003775, 0.1275000000000000022, 1.000000000000000000 ) ) ;
#1282 = CARTESIAN_POINT ( 'NONE',  ( -0.5200000000000000178, 3.280350850198277435, 0.9000000000000003553 ) ) ;
#1283 = AXIS2_PLACEMENT_3D ( 'NONE', #1281, #1565, #2647 ) ;
#1284 = CARTESIAN_POINT ( 'NONE',  ( 0.6300000000000000044, 0.000000000000000000, -0.9300000000000001599 ) ) ;
#1285 = LINE ( 'NONE', #2382, #959 ) ;
#1286 = VECTOR ( 'NONE', #387, 1000.000000000000000 ) ;
#1287 = ORIENTED_EDGE ( 'NONE', *, *, #532, .T. ) ;
#1288 = AXIS2_PLACEMENT_3D ( 'NONE', #575, #614, #1413 ) ;
#1289 = DIRECTION ( 'NONE',  ( 7.529181753371557474E-17, 0.000000000000000000, 1.000000000000000000 ) ) ;
#1290 = ORIENTED_EDGE ( 'NONE', *, *, #2446, .T. ) ;
#1291 = AXIS2_PLACEMENT_3D ( 'NONE', #2996, #1372, #26 ) ;
#1292 = AXIS2_PLACEMENT_3D ( 'NONE', #2843, #1193, #2289 ) ;
#1293 = ORIENTED_EDGE ( 'NONE', *, *, #2331, .T. ) ;
#1294 =( NAMED_UNIT ( * ) PLANE_ANGLE_UNIT ( ) SI_UNIT ( $, .RADIAN. ) );
#1295 = ADVANCED_FACE ( 'NONE', ( #90 ), #2913, .F. ) ;
#1296 = SURFACE_SIDE_STYLE ('',( #1523 ) ) ;
#1297 = STYLED_ITEM ( 'NONE', ( #779 ), #2589 ) ;
#1298 = DIRECTION ( 'NONE',  ( -0.000000000000000000, 1.000000000000000000, -0.000000000000000000 ) ) ;
#1299 = EDGE_LOOP ( 'NONE', ( #152, #2507, #3049, #1240 ) ) ;
#1300 = LINE ( 'NONE', #2131, #1168 ) ;
#1301 = CARTESIAN_POINT ( 'NONE',  ( -0.8000000000000001554, 0.9789693182963199458, -0.8999999999999998002 ) ) ;
#1302 = VECTOR ( 'NONE', #635, 1000.000000000000000 ) ;
#1303 = EDGE_CURVE ( 'NONE', #1203, #1609, #3506, .T. ) ;
#1304 = DIRECTION ( 'NONE',  ( -0.7071067811865442421, 0.000000000000000000, 0.7071067811865509034 ) ) ;
#1305 = CARTESIAN_POINT ( 'NONE',  ( 0.5199999999999997957, 0.2550000000000001155, 0.9550000000000001821 ) ) ;
#1306 = ORIENTED_EDGE ( 'NONE', *, *, #1634, .T. ) ;
#1307 = CARTESIAN_POINT ( 'NONE',  ( 0.7300000000000000933, 0.000000000000000000, 0.8300000000000005151 ) ) ;
#1308 = ORIENTED_EDGE ( 'NONE', *, *, #1777, .T. ) ;
#1309 = CLOSED_SHELL ( 'NONE', ( #1886, #2409, #2430, #3380, #3208, #3374, #395, #2294, #2926 ) ) ;
#1310 = PRESENTATION_LAYER_ASSIGNMENT (  '', '', ( #2398 ) ) ;
#1311 = DIRECTION ( 'NONE',  ( 0.000000000000000000, -5.421010862427529073E-16, -1.000000000000000000 ) ) ;
#1312 = EDGE_CURVE ( 'NONE', #2568, #3168, #2344, .T. ) ;
#1313 = ORIENTED_EDGE ( 'NONE', *, *, #2124, .T. ) ;
#1314 = DIRECTION ( 'NONE',  ( 0.000000000000000000, 1.000000000000000000, 0.000000000000000000 ) ) ;
#1315 = DIRECTION ( 'NONE',  ( 0.000000000000000000, 1.000000000000000000, 0.000000000000000000 ) ) ;
#1316 = ADVANCED_FACE ( 'NONE', ( #2895 ), #452, .T. ) ;
#1317 = CARTESIAN_POINT ( 'NONE',  ( -0.6999999999999998446, 0.2550000000000000044, 1.000000000000000000 ) ) ;
#1318 = CARTESIAN_POINT ( 'NONE',  ( -0.2500000000000000555, 0.000000000000000000, 0.9300000000000002709 ) ) ;
#1319 = EDGE_CURVE ( 'NONE', #2984, #884, #2993, .T. ) ;
#1320 = EDGE_LOOP ( 'NONE', ( #929, #966, #235, #1187 ) ) ;
#1321 = DIRECTION ( 'NONE',  ( -0.7071067811865477948, 0.000000000000000000, 0.7071067811865473507 ) ) ;
#1322 = CARTESIAN_POINT ( 'NONE',  ( 0.6999999999999997335, 0.2500000000000000000, 1.000000000000000000 ) ) ;
#1323 = LINE ( 'NONE', #518, #688 ) ;
#1324 = ORIENTED_EDGE ( 'NONE', *, *, #2809, .F. ) ;
#1325 = LINE ( 'NONE', #1075, #2947 ) ;
#1326 = ORIENTED_EDGE ( 'NONE', *, *, #2075, .T. ) ;
#1327 = DIRECTION ( 'NONE',  ( -0.7071067811865472397, 0.000000000000000000, -0.7071067811865479058 ) ) ;
#1328 = DIRECTION ( 'NONE',  ( 0.7071067811865502373, 0.000000000000000000, -0.7071067811865447972 ) ) ;
#1329 = VECTOR ( 'NONE', #2887, 1000.000000000000000 ) ;
#1330 = CARTESIAN_POINT ( 'NONE',  ( 0.7300000000000002043, 0.9789693182963199458, -0.8299999999999999600 ) ) ;
#1331 = CARTESIAN_POINT ( 'NONE',  ( -0.6999999999999998446, 0.1275000000000000022, -1.000000000000000000 ) ) ;
#1332 = CARTESIAN_POINT ( 'NONE',  ( 0.7300000000000002043, 0.000000000000000000, 0.8300000000000005151 ) ) ;
#1333 = EDGE_CURVE ( 'NONE', #2265, #1838, #2890, .T. ) ;
#1334 = VECTOR ( 'NONE', #3106, 1000.000000000000000 ) ;
#1335 = ORIENTED_EDGE ( 'NONE', *, *, #1848, .F. ) ;
#1336 = CIRCLE ( 'NONE', #262, 0.1000000000000002554 ) ;
#1337 = AXIS2_PLACEMENT_3D ( 'NONE', #1517, #1321, #1049 ) ;
#1338 = DIRECTION ( 'NONE',  ( -0.000000000000000000, -0.000000000000000000, -1.000000000000000000 ) ) ;
#1339 = EDGE_LOOP ( 'NONE', ( #777, #3019, #3248, #903 ) ) ;
#1340 = CIRCLE ( 'NONE', #500, 0.1000000000000002554 ) ;
#1341 = EDGE_CURVE ( 'NONE', #3327, #980, #901, .T. ) ;
#1342 = CARTESIAN_POINT ( 'NONE',  ( -0.6999999999999999556, 0.2500000000000000000, 1.000000000000000000 ) ) ;
#1343 = ORIENTED_EDGE ( 'NONE', *, *, #1661, .F. ) ;
#1344 = AXIS2_PLACEMENT_3D ( 'NONE', #2073, #2905, #2635 ) ;
#1345 = VECTOR ( 'NONE', #694, 1000.000000000000000 ) ;
#1346 = VERTEX_POINT ( 'NONE', #2064 ) ;
#1347 = CARTESIAN_POINT ( 'NONE',  ( -0.7299999999999998712, 0.9789693182963199458, -0.8300000000000000711 ) ) ;
#1348 = DIRECTION ( 'NONE',  ( -1.000000000000000000, -0.000000000000000000, -0.000000000000000000 ) ) ;
#1349 = VECTOR ( 'NONE', #2574, 1000.000000000000000 ) ;
#1350 = LINE ( 'NONE', #1623, #2545 ) ;
#1351 = CARTESIAN_POINT ( 'NONE',  ( -0.2500000000000000555, 0.000000000000000000, 0.3500000000000000333 ) ) ;
#1352 = AXIS2_PLACEMENT_3D ( 'NONE', #2180, #3030, #268 ) ;
#1353 = CARTESIAN_POINT ( 'NONE',  ( -0.5799999999999995159, 0.5000000000000000000, -0.7200000000000000844 ) ) ;
#1354 = LINE ( 'NONE', #3198, #2614 ) ;
#1355 = ORIENTED_EDGE ( 'NONE', *, *, #2082, .F. ) ;
#1356 = EDGE_CURVE ( 'NONE', #2981, #2342, #759, .T. ) ;
#1357 = ADVANCED_FACE ( 'NONE', ( #2106 ), #3486, .T. ) ;
#1358 = CARTESIAN_POINT ( 'NONE',  ( -0.7549999999999998934, 0.2550000000000001155, -0.7200000000000000844 ) ) ;
#1359 = ORIENTED_EDGE ( 'NONE', *, *, #2005, .T. ) ;
#1360 = EDGE_CURVE ( 'NONE', #760, #3444, #2698, .T. ) ;
#1361 = ORIENTED_EDGE ( 'NONE', *, *, #401, .F. ) ;
#1362 = LINE ( 'NONE', #244, #1868 ) ;
#1363 = VERTEX_POINT ( 'NONE', #455 ) ;
#1364 = ADVANCED_FACE ( 'NONE', ( #1548 ), #793, .T. ) ;
#1365 = DIRECTION ( 'NONE',  ( 1.000000000000000000, 0.000000000000000000, 2.085004177856740055E-16 ) ) ;
#1366 = VECTOR ( 'NONE', #269, 1000.000000000000000 ) ;
#1367 = ORIENTED_EDGE ( 'NONE', *, *, #3425, .F. ) ;
#1368 = CARTESIAN_POINT ( 'NONE',  ( -0.7300000000000002043, 0.1275000000000000022, 0.3500000000000000333 ) ) ;
#1369 = LINE ( 'NONE', #340, #3352 ) ;
#1370 = CARTESIAN_POINT ( 'NONE',  ( 0.8000000000000004885, 0.9789693182963199458, -0.8999999999999995781 ) ) ;
#1371 = DIRECTION ( 'NONE',  ( 0.000000000000000000, 1.000000000000000000, 0.000000000000000000 ) ) ;
#1372 = DIRECTION ( 'NONE',  ( 0.000000000000000000, -1.000000000000000000, 0.000000000000000000 ) ) ;
#1373 = ORIENTED_EDGE ( 'NONE', *, *, #2980, .F. ) ;
#1374 = CARTESIAN_POINT ( 'NONE',  ( 0.5200000000000000178, 0.4749999999999999778, -0.8750000000000000000 ) ) ;
#1375 = CARTESIAN_POINT ( 'NONE',  ( 0.2499999999999998890, 0.000000000000000000, 0.9300000000000003819 ) ) ;
#1376 =( LENGTH_UNIT ( ) NAMED_UNIT ( * ) SI_UNIT ( .MILLI., .METRE. ) );
#1377 = VERTEX_POINT ( 'NONE', #29 ) ;
#1378 = ADVANCED_FACE ( 'NONE', ( #3346 ), #2792, .T. ) ;
#1379 = UNCERTAINTY_MEASURE_WITH_UNIT (LENGTH_MEASURE( 1.000000000000000082E-05 ), #1376, 'distance_accuracy_value', 'NONE');
#1380 = DIRECTION ( 'NONE',  ( 1.000000000000000000, 0.000000000000000000, 9.346570452461245291E-17 ) ) ;
#1381 = EDGE_CURVE ( 'NONE', #3464, #1722, #1916, .T. ) ;
#1382 = AXIS2_PLACEMENT_3D ( 'NONE', #3172, #200, #706 ) ;
#1383 = VERTEX_POINT ( 'NONE', #1670 ) ;
#1384 = LINE ( 'NONE', #2437, #315 ) ;
#1385 = PLANE ( 'NONE',  #224 ) ;
#1386 = DIRECTION ( 'NONE',  ( -0.7071067811865507924, -0.000000000000000000, 0.7071067811865441310 ) ) ;
#1387 = ADVANCED_FACE ( 'NONE', ( #3281 ), #1744, .T. ) ;
#1388 = DIRECTION ( 'NONE',  ( 0.000000000000000000, 1.000000000000000000, 0.000000000000000000 ) ) ;
#1389 = CARTESIAN_POINT ( 'NONE',  ( -0.7300000000000000933, 0.1275000000000000022, -0.3499999999999998668 ) ) ;
#1390 = EDGE_LOOP ( 'NONE', ( #2819, #1556, #1978, #2136, #584, #2059 ) ) ;
#1391 = DIRECTION ( 'NONE',  ( 0.000000000000000000, 1.000000000000000000, 0.000000000000000000 ) ) ;
#1392 = LINE ( 'NONE', #1669, #826 ) ;
#1393 = CARTESIAN_POINT ( 'NONE',  ( 0.7299999999999999822, 0.000000000000000000, 0.8300000000000004041 ) ) ;
#1394 = AXIS2_PLACEMENT_3D ( 'NONE', #3249, #1024, #2672 ) ;
#1395 = VERTEX_POINT ( 'NONE', #2462 ) ;
#1396 = AXIS2_PLACEMENT_3D ( 'NONE', #3465, #1030, #473 ) ;
#1397 = CARTESIAN_POINT ( 'NONE',  ( -0.7299999999999998712, 0.1275000000000000022, -0.8300000000000000711 ) ) ;
#1398 = ORIENTED_EDGE ( 'NONE', *, *, #141, .T. ) ;
#1399 = VECTOR ( 'NONE', #1907, 1000.000000000000000 ) ;
#1400 = DIRECTION ( 'NONE',  ( 0.000000000000000000, -1.000000000000000000, 0.000000000000000000 ) ) ;
#1401 = EDGE_CURVE ( 'NONE', #372, #2151, #2836, .T. ) ;
#1402 =( GEOMETRIC_REPRESENTATION_CONTEXT ( 3 ) GLOBAL_UNCERTAINTY_ASSIGNED_CONTEXT ( ( #3024 ) ) GLOBAL_UNIT_ASSIGNED_CONTEXT ( ( #2504, #72, #2282 ) ) REPRESENTATION_CONTEXT ( 'NONE', 'WORKASPACE' ) );
#1403 = LINE ( 'NONE', #1675, #3283 ) ;
#1404 = ORIENTED_EDGE ( 'NONE', *, *, #347, .T. ) ;
#1405 = DIRECTION ( 'NONE',  ( 0.000000000000000000, 0.000000000000000000, 1.000000000000000000 ) ) ;
#1406 = CARTESIAN_POINT ( 'NONE',  ( 0.7300000000000000933, 0.1275000000000000022, 0.3500000000000002554 ) ) ;
#1407 = AXIS2_PLACEMENT_3D ( 'NONE', #3131, #3162, #1761 ) ;
#1408 = DIRECTION ( 'NONE',  ( -0.000000000000000000, 1.000000000000000000, -0.000000000000000000 ) ) ;
#1409 = DIRECTION ( 'NONE',  ( 1.000000000000000000, 0.000000000000000000, 0.000000000000000000 ) ) ;
#1410 = SURFACE_SIDE_STYLE ('',( #2253 ) ) ;
#1411 = ORIENTED_EDGE ( 'NONE', *, *, #1624, .F. ) ;
#1412 = AXIS2_PLACEMENT_3D ( 'NONE', #2411, #501, #2686 ) ;
#1413 = DIRECTION ( 'NONE',  ( 1.000000000000000000, 0.000000000000000000, 0.000000000000000000 ) ) ;
#1414 = EDGE_CURVE ( 'NONE', #2875, #2084, #2749, .T. ) ;
#1415 = EDGE_LOOP ( 'NONE', ( #2125, #2657, #2915, #2552 ) ) ;
#1416 = PRODUCT_DEFINITION_SHAPE ( 'NONE', 'NONE',  #1844 ) ;
#1417 = CIRCLE ( 'NONE', #1633, 0.08749999999999946709 ) ;
#1418 = CARTESIAN_POINT ( 'NONE',  ( -0.8000000000000003775, 0.1275000000000000022, 1.000000000000000000 ) ) ;
#1419 = ORIENTED_EDGE ( 'NONE', *, *, #1113, .F. ) ;
#1420 = DIRECTION ( 'NONE',  ( 1.000000000000000000, 0.000000000000000000, 0.000000000000000000 ) ) ;
#1421 = ADVANCED_BREP_SHAPE_REPRESENTATION ( 'C1E-16.000-10-1520-R', ( #2496, #2473, #153, #2589, #2459, #173, #1442, #2607, #1382 ), #2649 ) ;
#1422 = ORIENTED_EDGE ( 'NONE', *, *, #502, .T. ) ;
#1423 = CARTESIAN_POINT ( 'NONE',  ( 0.7199999999999999734, 0.4049999999999999711, -0.7200000000000000844 ) ) ;
#1424 = ORIENTED_EDGE ( 'NONE', *, *, #920, .T. ) ;
#1425 = CARTESIAN_POINT ( 'NONE',  ( -0.5199999999999995737, 0.5000000000000000000, -0.7200000000000000844 ) ) ;
#1426 = ORIENTED_EDGE ( 'NONE', *, *, #3325, .T. ) ;
#1427 = EDGE_LOOP ( 'NONE', ( #2654, #2854, #1502, #209 ) ) ;
#1428 = FACE_OUTER_BOUND ( 'NONE', #1964, .T. ) ;
#1429 = EDGE_CURVE ( 'NONE', #325, #68, #2241, .T. ) ;
#1430 = DIRECTION ( 'NONE',  ( -1.000000000000000000, 0.000000000000000000, 0.000000000000000000 ) ) ;
#1431 = VECTOR ( 'NONE', #3076, 1000.000000000000000 ) ;
#1432 = CARTESIAN_POINT ( 'NONE',  ( 0.6299999999999996714, 0.000000000000000000, 0.9300000000000003819 ) ) ;
#1433 = DIRECTION ( 'NONE',  ( -1.000000000000000000, 0.000000000000000000, 7.529181753371557474E-17 ) ) ;
#1434 = VERTEX_POINT ( 'NONE', #305 ) ;
#1435 = DIRECTION ( 'NONE',  ( 0.000000000000000000, -1.000000000000000000, 0.000000000000000000 ) ) ;
#1436 = TOROIDAL_SURFACE ( 'NONE', #2015, 0.1550000000000001932, 0.02500000000000006384 ) ;
#1437 = EDGE_CURVE ( 'NONE', #3464, #2376, #1863, .T. ) ;
#1438 = EDGE_CURVE ( 'NONE', #3404, #2740, #3304, .T. ) ;
#1439 = DIRECTION ( 'NONE',  ( 0.000000000000000000, 4.613626265895764052E-16, 1.000000000000000000 ) ) ;
#1440 = DIRECTION ( 'NONE',  ( 0.7071067811865502373, -0.000000000000000000, -0.7071067811865447972 ) ) ;
#1441 = DIRECTION ( 'NONE',  ( 1.000000000000000000, 0.000000000000000000, 0.000000000000000000 ) ) ;
#1442 = MANIFOLD_SOLID_BREP ( 'Boss-Extrude6[3]', #3015 ) ;
#1443 = ORIENTED_EDGE ( 'NONE', *, *, #1278, .T. ) ;
#1444 = DIRECTION ( 'NONE',  ( -2.258754526011467242E-16, 0.000000000000000000, 1.000000000000000000 ) ) ;
#1445 = ORIENTED_EDGE ( 'NONE', *, *, #18, .F. ) ;
#1446 = DIRECTION ( 'NONE',  ( 0.000000000000000000, 0.000000000000000000, 1.000000000000000000 ) ) ;
#1447 = VERTEX_POINT ( 'NONE', #1375 ) ;
#1448 = DIRECTION ( 'NONE',  ( 1.000000000000000000, 0.000000000000000000, 0.000000000000000000 ) ) ;
#1449 = VERTEX_POINT ( 'NONE', #1727 ) ;
#1450 = CARTESIAN_POINT ( 'NONE',  ( -0.6299999999999998934, 0.9789693182963199458, 0.9300000000000002709 ) ) ;
#1451 = DIRECTION ( 'NONE',  ( -9.346570452461245291E-17, -0.000000000000000000, 1.000000000000000000 ) ) ;
#1452 = CYLINDRICAL_SURFACE ( 'NONE', #1649, 0.1000000000000002554 ) ;
#1453 = ORIENTED_EDGE ( 'NONE', *, *, #432, .T. ) ;
#1454 = FACE_OUTER_BOUND ( 'NONE', #1729, .T. ) ;
#1455 = AXIS2_PLACEMENT_3D ( 'NONE', #1924, #2210, #2142 ) ;
#1456 = EDGE_CURVE ( 'NONE', #2908, #622, #1101, .T. ) ;
#1457 = FACE_OUTER_BOUND ( 'NONE', #1509, .T. ) ;
#1458 = VERTEX_POINT ( 'NONE', #2259 ) ;
#1459 = CARTESIAN_POINT ( 'NONE',  ( 0.5199999999999999067, 0.4750000000000010325, 0.7200000000000004174 ) ) ;
#1460 = FILL_AREA_STYLE ('',( #1708 ) ) ;
#1461 = CARTESIAN_POINT ( 'NONE',  ( 0.6999999999999998446, 0.000000000000000000, 1.000000000000000000 ) ) ;
#1462 = ORIENTED_EDGE ( 'NONE', *, *, #3043, .F. ) ;
#1463 = CARTESIAN_POINT ( 'NONE',  ( 0.5200000000000000178, 0.2550000000000000044, -0.9550000000000000711 ) ) ;
#1464 = VECTOR ( 'NONE', #3454, 1000.000000000000000 ) ;
#1465 = CYLINDRICAL_SURFACE ( 'NONE', #2702, 0.08749999999999946709 ) ;
#1466 = ORIENTED_EDGE ( 'NONE', *, *, #1589, .T. ) ;
#1467 = EDGE_CURVE ( 'NONE', #2056, #654, #2814, .T. ) ;
#1468 = VECTOR ( 'NONE', #1252, 1000.000000000000000 ) ;
#1469 = ORIENTED_EDGE ( 'NONE', *, *, #585, .T. ) ;
#1470 = DIRECTION ( 'NONE',  ( 5.706327223607921499E-16, 0.000000000000000000, -1.000000000000000000 ) ) ;
#1471 = VERTEX_POINT ( 'NONE', #927 ) ;
#1472 = PLANE ( 'NONE',  #1980 ) ;
#1473 = CARTESIAN_POINT ( 'NONE',  ( -0.5199999999999995737, 0.4899999999999999911, -0.7200000000000000844 ) ) ;
#1474 = AXIS2_PLACEMENT_3D ( 'NONE', #2334, #162, #1816 ) ;
#1475 = CARTESIAN_POINT ( 'NONE',  ( -0.7299999999999998712, 0.1275000000000000022, -0.8300000000000000711 ) ) ;
#1476 = ORIENTED_EDGE ( 'NONE', *, *, #2896, .T. ) ;
#1477 = DIRECTION ( 'NONE',  ( 0.000000000000000000, 1.000000000000000000, 0.000000000000000000 ) ) ;
#1478 = VECTOR ( 'NONE', #3416, 1000.000000000000000 ) ;
#1479 = VECTOR ( 'NONE', #572, 1000.000000000000000 ) ;
#1480 = CARTESIAN_POINT ( 'NONE',  ( 0.000000000000000000, 0.000000000000000000, -0.9300000000000002709 ) ) ;
#1481 = ORIENTED_EDGE ( 'NONE', *, *, #3072, .F. ) ;
#1482 = CARTESIAN_POINT ( 'NONE',  ( 0.4500000000000005107, 0.1275000000000000022, -0.3499999999999998113 ) ) ;
#1483 = DIRECTION ( 'NONE',  ( 0.000000000000000000, 1.000000000000000000, 0.000000000000000000 ) ) ;
#1484 = CARTESIAN_POINT ( 'NONE',  ( -0.8000000000000003775, 0.1275000000000000022, 0.9300000000000003819 ) ) ;
#1485 = CIRCLE ( 'NONE', #3285, 0.1999999999999997613 ) ;
#1486 = ORIENTED_EDGE ( 'NONE', *, *, #3437, .T. ) ;
#1487 = ADVANCED_FACE ( 'NONE', ( #2020 ), #3096, .T. ) ;
#1488 = CARTESIAN_POINT ( 'NONE',  ( 0.6299999999999998934, 0.9789693182963199458, -0.9299999999999999378 ) ) ;
#1489 = CARTESIAN_POINT ( 'NONE',  ( -0.2499999999999998890, 0.000000000000000000, -0.5899999999999976374 ) ) ;
#1490 = CIRCLE ( 'NONE', #3472, 0.1999999999999999833 ) ;
#1491 = EDGE_LOOP ( 'NONE', ( #2300, #1987, #27, #1148 ) ) ;
#1492 = ADVANCED_FACE ( 'NONE', ( #1533 ), #3164, .F. ) ;
#1493 = VERTEX_POINT ( 'NONE', #2620 ) ;
#1494 = PLANE ( 'NONE',  #2846 ) ;
#1495 = ADVANCED_FACE ( 'NONE', ( #3386 ), #697, .F. ) ;
#1496 = VERTEX_POINT ( 'NONE', #179 ) ;
#1497 = DIRECTION ( 'NONE',  ( 0.000000000000000000, 1.000000000000000000, 0.000000000000000000 ) ) ;
#1498 = CARTESIAN_POINT ( 'NONE',  ( -0.7299999999999998712, 0.1275000000000000022, -0.8299999999999997380 ) ) ;
#1499 = ORIENTED_EDGE ( 'NONE', *, *, #889, .F. ) ;
#1500 = DIRECTION ( 'NONE',  ( 5.706327223607922485E-16, 0.000000000000000000, -1.000000000000000000 ) ) ;
#1501 = DIRECTION ( 'NONE',  ( 1.000000000000000000, 0.000000000000000000, 0.000000000000000000 ) ) ;
#1502 = ORIENTED_EDGE ( 'NONE', *, *, #138, .F. ) ;
#1503 = DIRECTION ( 'NONE',  ( 0.000000000000000000, 1.000000000000000000, 0.000000000000000000 ) ) ;
#1504 = VERTEX_POINT ( 'NONE', #2601 ) ;
#1505 = CARTESIAN_POINT ( 'NONE',  ( 0.5200000000000000178, 0.2550000000000000044, -0.9549999999999999600 ) ) ;
#1506 = CARTESIAN_POINT ( 'NONE',  ( 0.6999999999999998446, 3.280350850198277435, 0.7200000000000004174 ) ) ;
#1507 = ORIENTED_EDGE ( 'NONE', *, *, #2519, .T. ) ;
#1508 = DIRECTION ( 'NONE',  ( 3.388131789017201356E-16, 0.000000000000000000, -1.000000000000000000 ) ) ;
#1509 = EDGE_LOOP ( 'NONE', ( #1106, #687, #914, #3211, #1258, #247, #3094, #2849 ) ) ;
#1510 = ADVANCED_FACE ( 'NONE', ( #711 ), #2425, .F. ) ;
#1511 = CARTESIAN_POINT ( 'NONE',  ( -0.2500000000000000555, 0.1275000000000000022, 0.3500000000000001998 ) ) ;
#1512 = ORIENTED_EDGE ( 'NONE', *, *, #3328, .T. ) ;
#1513 = DIRECTION ( 'NONE',  ( 0.000000000000000000, 0.000000000000000000, 1.000000000000000000 ) ) ;
#1514 = EDGE_CURVE ( 'NONE', #1609, #896, #1257, .T. ) ;
#1515 = PLANE ( 'NONE',  #333 ) ;
#1516 = DIRECTION ( 'NONE',  ( 0.000000000000000000, 0.000000000000000000, -1.000000000000000000 ) ) ;
#1517 = CARTESIAN_POINT ( 'NONE',  ( 0.2500000000000001665, 0.9789693182963199458, -0.5500000000000003775 ) ) ;
#1518 = ORIENTED_EDGE ( 'NONE', *, *, #2290, .F. ) ;
#1519 = DIRECTION ( 'NONE',  ( -0.000000000000000000, 1.000000000000000000, -0.000000000000000000 ) ) ;
#1520 = DIRECTION ( 'NONE',  ( -1.000000000000000000, 0.000000000000000000, 0.000000000000000000 ) ) ;
#1521 = ORIENTED_EDGE ( 'NONE', *, *, #3014, .T. ) ;
#1522 = VERTEX_POINT ( 'NONE', #3420 ) ;
#1523 = SURFACE_STYLE_FILL_AREA ( #3189 ) ;
#1524 = VECTOR ( 'NONE', #1037, 1000.000000000000000 ) ;
#1525 = DIRECTION ( 'NONE',  ( 0.000000000000000000, 0.000000000000000000, 1.000000000000000000 ) ) ;
#1526 = EDGE_CURVE ( 'NONE', #325, #531, #408, .T. ) ;
#1527 = VECTOR ( 'NONE', #1327, 1000.000000000000000 ) ;
#1528 = ORIENTED_EDGE ( 'NONE', *, *, #2117, .T. ) ;
#1529 = DIRECTION ( 'NONE',  ( 0.000000000000000000, 1.000000000000000000, 0.000000000000000000 ) ) ;
#1530 = VECTOR ( 'NONE', #352, 1000.000000000000000 ) ;
#1531 = FACE_OUTER_BOUND ( 'NONE', #1390, .T. ) ;
#1532 = VECTOR ( 'NONE', #2951, 1000.000000000000000 ) ;
#1533 = FACE_OUTER_BOUND ( 'NONE', #47, .T. ) ;
#1534 = EDGE_CURVE ( 'NONE', #463, #1731, #2316, .T. ) ;
#1535 = ORIENTED_EDGE ( 'NONE', *, *, #1089, .T. ) ;
#1536 = VECTOR ( 'NONE', #633, 1000.000000000000000 ) ;
#1537 = CARTESIAN_POINT ( 'NONE',  ( -0.6999999999999998446, 0.1275000000000000022, -1.000000000000000000 ) ) ;
#1538 = DIRECTION ( 'NONE',  ( 2.258754526011489922E-16, 0.000000000000000000, -1.000000000000000000 ) ) ;
#1539 = EDGE_LOOP ( 'NONE', ( #1806, #3255, #2345, #2825 ) ) ;
#1540 = COLOUR_RGB ( '',0.9686274509803921573, 0.8784313725490195957, 0.5999999999999999778 ) ;
#1541 = CARTESIAN_POINT ( 'NONE',  ( -0.7299999999999999822, 0.1275000000000000022, -0.3500000000000000333 ) ) ;
#1542 = AXIS2_PLACEMENT_3D ( 'NONE', #1894, #8, #1082 ) ;
#1543 = ORIENTED_EDGE ( 'NONE', *, *, #1908, .T. ) ;
#1544 = DIRECTION ( 'NONE',  ( 9.346570452461246523E-17, 0.000000000000000000, -1.000000000000000000 ) ) ;
#1545 = SURFACE_STYLE_USAGE ( .BOTH. , #1296 ) ;
#1546 = CARTESIAN_POINT ( 'NONE',  ( 0.4500000000000004552, 0.1275000000000000022, -0.3499999999999999223 ) ) ;
#1547 = CARTESIAN_POINT ( 'NONE',  ( 0.7300000000000002043, 0.000000000000000000, -0.9999999999999997780 ) ) ;
#1548 = FACE_OUTER_BOUND ( 'NONE', #2341, .T. ) ;
#1549 = ORIENTED_EDGE ( 'NONE', *, *, #1122, .F. ) ;
#1550 = CARTESIAN_POINT ( 'NONE',  ( -0.8000000000000003775, 0.1275000000000000022, 1.000000000000000000 ) ) ;
#1551 = DIRECTION ( 'NONE',  ( 0.7071067811865442421, 0.000000000000000000, -0.7071067811865509034 ) ) ;
#1552 = EDGE_CURVE ( 'NONE', #2177, #3199, #2153, .T. ) ;
#1553 = CARTESIAN_POINT ( 'NONE',  ( -0.7299999999999998712, 0.000000000000000000, -0.8300000000000000711 ) ) ;
#1554 = CARTESIAN_POINT ( 'NONE',  ( 0.000000000000000000, 0.000000000000000000, 0.9300000000000003819 ) ) ;
#1555 = EDGE_CURVE ( 'NONE', #1272, #2056, #943, .T. ) ;
#1556 = ORIENTED_EDGE ( 'NONE', *, *, #429, .F. ) ;
#1557 = AXIS2_PLACEMENT_3D ( 'NONE', #1737, #3317, #83 ) ;
#1558 = EDGE_CURVE ( 'NONE', #1458, #641, #682, .T. ) ;
#1559 = CARTESIAN_POINT ( 'NONE',  ( -0.8000000000000001554, 0.000000000000000000, -0.8999999999999998002 ) ) ;
#1560 = ORIENTED_EDGE ( 'NONE', *, *, #1341, .T. ) ;
#1561 = VECTOR ( 'NONE', #942, 1000.000000000000000 ) ;
#1562 = ORIENTED_EDGE ( 'NONE', *, *, #997, .F. ) ;
#1563 = CARTESIAN_POINT ( 'NONE',  ( 0.7300000000000002043, 0.000000000000000000, -0.8299999999999999600 ) ) ;
#1564 = EDGE_LOOP ( 'NONE', ( #1335, #2959, #613, #2637 ) ) ;
#1565 = DIRECTION ( 'NONE',  ( 0.000000000000000000, -1.000000000000000000, 0.000000000000000000 ) ) ;
#1566 = CARTESIAN_POINT ( 'NONE',  ( 0.6299999999999998934, -1.807003620809173954E-17, -0.9299999999999999378 ) ) ;
#1567 = CARTESIAN_POINT ( 'NONE',  ( 0.7300000000000002043, 0.000000000000000000, -0.8299999999999999600 ) ) ;
#1568 = DIRECTION ( 'NONE',  ( 0.000000000000000000, 1.000000000000000000, 0.000000000000000000 ) ) ;
#1569 = ORIENTED_EDGE ( 'NONE', *, *, #2840, .T. ) ;
#1570 = ADVANCED_FACE ( 'NONE', ( #973 ), #960, .F. ) ;
#1571 = LINE ( 'NONE', #1052, #1973 ) ;
#1572 = VERTEX_POINT ( 'NONE', #3148 ) ;
#1573 = ORIENTED_EDGE ( 'NONE', *, *, #1740, .F. ) ;
#1574 = CARTESIAN_POINT ( 'NONE',  ( -0.7300000000000002043, 0.000000000000000000, 0.000000000000000000 ) ) ;
#1575 = PRESENTATION_STYLE_ASSIGNMENT (( #1545 ) ) ;
#1576 = EDGE_CURVE ( 'NONE', #2860, #531, #462, .T. ) ;
#1577 = ORIENTED_EDGE ( 'NONE', *, *, #3097, .T. ) ;
#1578 = AXIS2_PLACEMENT_3D ( 'NONE', #28, #363, #1100 ) ;
#1579 = DIRECTION ( 'NONE',  ( 0.000000000000000000, -1.000000000000000000, 0.000000000000000000 ) ) ;
#1580 = CARTESIAN_POINT ( 'NONE',  ( -0.8000000000000001554, 0.1275000000000000022, -0.9299999999999999378 ) ) ;
#1581 = CIRCLE ( 'NONE', #2764, 0.05999999999999994227 ) ;
#1582 = CARTESIAN_POINT ( 'NONE',  ( -0.8000000000000003775, 0.000000000000000000, 0.9300000000000002709 ) ) ;
#1583 = CARTESIAN_POINT ( 'NONE',  ( -0.5199999999999997957, 0.2550000000000001155, -0.9550000000000000711 ) ) ;
#1584 = AXIS2_PLACEMENT_3D ( 'NONE', #3359, #3394, #1430 ) ;
#1585 = ORIENTED_EDGE ( 'NONE', *, *, #2338, .F. ) ;
#1586 = VECTOR ( 'NONE', #3402, 1000.000000000000000 ) ;
#1587 = DIRECTION ( 'NONE',  ( 2.258754526011468228E-16, 0.000000000000000000, 1.000000000000000000 ) ) ;
#1588 = VERTEX_POINT ( 'NONE', #2855 ) ;
#1589 = EDGE_CURVE ( 'NONE', #2177, #2414, #2567, .T. ) ;
#1590 = VECTOR ( 'NONE', #638, 1000.000000000000000 ) ;
#1591 = MECHANICAL_DESIGN_GEOMETRIC_PRESENTATION_REPRESENTATION (  '', ( #3177 ), #2953 ) ;
#1592 = DIRECTION ( 'NONE',  ( 0.000000000000000000, 1.000000000000000000, 0.000000000000000000 ) ) ;
#1593 = ADVANCED_FACE ( 'NONE', ( #3450 ), #1004, .F. ) ;
#1594 = DIRECTION ( 'NONE',  ( 1.000000000000000000, 0.000000000000000000, 0.000000000000000000 ) ) ;
#1595 = CIRCLE ( 'NONE', #1018, 0.1999999999999997613 ) ;
#1596 = EDGE_CURVE ( 'NONE', #3013, #708, #2832, .T. ) ;
#1597 = VERTEX_POINT ( 'NONE', #2584 ) ;
#1598 = FACE_OUTER_BOUND ( 'NONE', #302, .T. ) ;
#1599 = DIRECTION ( 'NONE',  ( 1.000000000000000000, 0.000000000000000000, 0.000000000000000000 ) ) ;
#1600 = PLANE ( 'NONE',  #1691 ) ;
#1601 = CARTESIAN_POINT ( 'NONE',  ( -0.5199999999999997957, 0.5000000000000000000, -0.8750000000000001110 ) ) ;
#1602 = EDGE_LOOP ( 'NONE', ( #487, #3375, #792, #2324 ) ) ;
#1603 = CARTESIAN_POINT ( 'NONE',  ( -0.5199999999999996847, 0.3250000000000000666, 0.9200000000000000400 ) ) ;
#1604 = VECTOR ( 'NONE', #790, 1000.000000000000000 ) ;
#1605 = PRESENTATION_LAYER_ASSIGNMENT (  '', '', ( #1782 ) ) ;
#1606 = CARTESIAN_POINT ( 'NONE',  ( 0.5200000000000000178, 0.4049999999999999711, -0.7200000000000000844 ) ) ;
#1607 = ORIENTED_EDGE ( 'NONE', *, *, #3353, .T. ) ;
#1608 = EDGE_CURVE ( 'NONE', #2376, #2874, #831, .T. ) ;
#1609 = VERTEX_POINT ( 'NONE', #1305 ) ;
#1610 = DIRECTION ( 'NONE',  ( -2.258754526011467242E-16, 0.000000000000000000, 1.000000000000000000 ) ) ;
#1611 = DIRECTION ( 'NONE',  ( -1.000000000000000000, 0.000000000000000000, 0.000000000000000000 ) ) ;
#1612 = CARTESIAN_POINT ( 'NONE',  ( 0.6999999999999996225, 0.2500000000000000000, -1.000000000000000000 ) ) ;
#1613 = PLANE ( 'NONE',  #1542 ) ;
#1614 = FACE_OUTER_BOUND ( 'NONE', #3385, .T. ) ;
#1615 = LINE ( 'NONE', #1846, #1176 ) ;
#1616 = ADVANCED_FACE ( 'NONE', ( #757 ), #771, .F. ) ;
#1617 = ORIENTED_EDGE ( 'NONE', *, *, #2595, .F. ) ;
#1618 = CARTESIAN_POINT ( 'NONE',  ( -0.8000000000000001554, 0.2500000000000000000, 0.000000000000000000 ) ) ;
#1619 = EDGE_LOOP ( 'NONE', ( #1099, #359, #2935, #2110, #282, #3039 ) ) ;
#1620 = EDGE_LOOP ( 'NONE', ( #3252, #484, #3113, #314 ) ) ;
#1621 = CARTESIAN_POINT ( 'NONE',  ( 0.7300000000000002043, 0.9789693182963199458, -0.3499999999999997558 ) ) ;
#1622 = CARTESIAN_POINT ( 'NONE',  ( 0.7300000000000002043, 0.1275000000000000022, 0.3500000000000002554 ) ) ;
#1623 = CARTESIAN_POINT ( 'NONE',  ( -0.6299999999999998934, 0.1275000000000000022, 0.9300000000000002709 ) ) ;
#1624 = EDGE_CURVE ( 'NONE', #2098, #1090, #527, .T. ) ;
#1625 = EDGE_CURVE ( 'NONE', #2045, #1346, #1354, .T. ) ;
#1626 = VECTOR ( 'NONE', #2954, 1000.000000000000000 ) ;
#1627 = CYLINDRICAL_SURFACE ( 'NONE', #402, 0.05999999999999994227 ) ;
#1628 = LINE ( 'NONE', #239, #132 ) ;
#1629 = DIRECTION ( 'NONE',  ( 1.000000000000000000, -0.000000000000000000, -1.042502088928369904E-16 ) ) ;
#1630 = EDGE_CURVE ( 'NONE', #708, #1838, #1615, .T. ) ;
#1631 = AXIS2_PLACEMENT_3D ( 'NONE', #926, #3432, #385 ) ;
#1632 = CARTESIAN_POINT ( 'NONE',  ( -0.7300000000000002043, 0.000000000000000000, 0.3500000000000000333 ) ) ;
#1633 = AXIS2_PLACEMENT_3D ( 'NONE', #3388, #3150, #646 ) ;
#1634 = EDGE_CURVE ( 'NONE', #1090, #2078, #1896, .T. ) ;
#1635 = VECTOR ( 'NONE', #586, 1000.000000000000000 ) ;
#1636 = CARTESIAN_POINT ( 'NONE',  ( 0.5200000000000000178, 0.4049999999999999711, -0.9200000000000000400 ) ) ;
#1637 = ORIENTED_EDGE ( 'NONE', *, *, #3485, .F. ) ;
#1638 = AXIS2_PLACEMENT_3D ( 'NONE', #2182, #2920, #1180 ) ;
#1639 = DIRECTION ( 'NONE',  ( 1.000000000000000000, 0.000000000000000000, 0.000000000000000000 ) ) ;
#1640 = ORIENTED_EDGE ( 'NONE', *, *, #3328, .F. ) ;
#1641 = VECTOR ( 'NONE', #1513, 1000.000000000000000 ) ;
#1642 = DIRECTION ( 'NONE',  ( 1.000000000000000000, 0.000000000000000000, 0.000000000000000000 ) ) ;
#1643 = VECTOR ( 'NONE', #2985, 1000.000000000000000 ) ;
#1644 = ORIENTED_EDGE ( 'NONE', *, *, #1625, .F. ) ;
#1645 = LINE ( 'NONE', #2471, #951 ) ;
#1646 = CARTESIAN_POINT ( 'NONE',  ( -0.6299999999999995604, 0.9789693182963199458, -0.9300000000000002709 ) ) ;
#1647 = PRESENTATION_LAYER_ASSIGNMENT (  '', '', ( #1297 ) ) ;
#1648 = DIRECTION ( 'NONE',  ( 1.426581805901980375E-16, 0.000000000000000000, 1.000000000000000000 ) ) ;
#1649 = AXIS2_PLACEMENT_3D ( 'NONE', #378, #1154, #1700 ) ;
#1650 = DIRECTION ( 'NONE',  ( 0.000000000000000000, 1.000000000000000000, 0.000000000000000000 ) ) ;
#1651 = CARTESIAN_POINT ( 'NONE',  ( 0.7300000000000000933, 0.1275000000000000022, 0.8300000000000005151 ) ) ;
#1652 = ORIENTED_EDGE ( 'NONE', *, *, #2217, .F. ) ;
#1653 = EDGE_CURVE ( 'NONE', #1363, #1572, #207, .T. ) ;
#1654 = PLANE ( 'NONE',  #37 ) ;
#1655 = ORIENTED_EDGE ( 'NONE', *, *, #841, .T. ) ;
#1656 = EDGE_CURVE ( 'NONE', #479, #1731, #1285, .T. ) ;
#1657 = ORIENTED_EDGE ( 'NONE', *, *, #233, .T. ) ;
#1658 = CARTESIAN_POINT ( 'NONE',  ( 0.000000000000000000, 0.000000000000000000, 0.9300000000000002709 ) ) ;
#1659 = ORIENTED_EDGE ( 'NONE', *, *, #3173, .T. ) ;
#1660 = VECTOR ( 'NONE', #1371, 1000.000000000000000 ) ;
#1661 = EDGE_CURVE ( 'NONE', #3222, #1970, #1859, .T. ) ;
#1662 = VERTEX_POINT ( 'NONE', #1601 ) ;
#1663 = DIRECTION ( 'NONE',  ( 0.000000000000000000, 1.000000000000000000, 0.000000000000000000 ) ) ;
#1664 = DIRECTION ( 'NONE',  ( -0.7071067811865502373, 0.000000000000000000, 0.7071067811865449082 ) ) ;
#1665 = FACE_OUTER_BOUND ( 'NONE', #1768, .T. ) ;
#1666 = LINE ( 'NONE', #2744, #2508 ) ;
#1667 = CARTESIAN_POINT ( 'NONE',  ( 0.7999999999999999334, 0.1275000000000000022, 0.9000000000000000222 ) ) ;
#1668 = ORIENTED_EDGE ( 'NONE', *, *, #3325, .F. ) ;
#1669 = CARTESIAN_POINT ( 'NONE',  ( -0.6299999999999995604, 0.1275000000000000022, -0.9300000000000001599 ) ) ;
#1670 = CARTESIAN_POINT ( 'NONE',  ( 0.2499999999999999445, 0.000000000000000000, 0.3500000000000002554 ) ) ;
#1671 = EDGE_CURVE ( 'NONE', #1496, #1690, #2134, .T. ) ;
#1672 = PRESENTATION_STYLE_ASSIGNMENT (( #2526 ) ) ;
#1673 = EDGE_LOOP ( 'NONE', ( #2734, #3455, #2138, #2516 ) ) ;
#1674 = PLANE ( 'NONE',  #1809 ) ;
#1675 = CARTESIAN_POINT ( 'NONE',  ( -0.2500000000000000555, 0.1275000000000000022, 0.9300000000000002709 ) ) ;
#1676 = EDGE_CURVE ( 'NONE', #2697, #3489, #3344, .T. ) ;
#1677 = ORIENTED_EDGE ( 'NONE', *, *, #1813, .F. ) ;
#1678 = DIRECTION ( 'NONE',  ( -7.529181753371558706E-17, 0.000000000000000000, 1.000000000000000000 ) ) ;
#1679 = LINE ( 'NONE', #1406, #1818 ) ;
#1680 = DIRECTION ( 'NONE',  ( -1.000000000000000000, 0.000000000000000000, 1.426581805901980375E-16 ) ) ;
#1681 = ORIENTED_EDGE ( 'NONE', *, *, #1312, .F. ) ;
#1682 = CARTESIAN_POINT ( 'NONE',  ( -0.7300000000000002043, 0.9789693182963199458, 0.8300000000000001821 ) ) ;
#1683 = DIRECTION ( 'NONE',  ( 0.7071067811865507924, 0.000000000000000000, -0.7071067811865441310 ) ) ;
#1684 = CARTESIAN_POINT ( 'NONE',  ( 0.5199999999999996847, 0.5000000000000000000, -0.7199999999999998623 ) ) ;
#1685 = DIRECTION ( 'NONE',  ( 0.000000000000000000, 0.000000000000000000, 1.000000000000000000 ) ) ;
#1686 = CARTESIAN_POINT ( 'NONE',  ( 0.2499999999999998890, 0.000000000000000000, 0.000000000000000000 ) ) ;
#1687 = CIRCLE ( 'NONE', #3052, 0.1000000000000002554 ) ;
#1688 = CARTESIAN_POINT ( 'NONE',  ( -0.6299999999999996714, 0.1275000000000000022, -0.9300000000000002709 ) ) ;
#1689 = EDGE_CURVE ( 'NONE', #1799, #2235, #2327, .T. ) ;
#1690 = VERTEX_POINT ( 'NONE', #1332 ) ;
#1691 = AXIS2_PLACEMENT_3D ( 'NONE', #2680, #238, #1441 ) ;
#1692 = FACE_OUTER_BOUND ( 'NONE', #413, .T. ) ;
#1693 = ORIENTED_EDGE ( 'NONE', *, *, #2469, .F. ) ;
#1694 = CARTESIAN_POINT ( 'NONE',  ( -0.6299999999999996714, 0.9789693182963199458, -0.9300000000000002709 ) ) ;
#1695 = ORIENTED_EDGE ( 'NONE', *, *, #2519, .F. ) ;
#1696 = DIRECTION ( 'NONE',  ( -0.7071067811865502373, 0.000000000000000000, 0.7071067811865447972 ) ) ;
#1697 = FACE_OUTER_BOUND ( 'NONE', #1156, .T. ) ;
#1698 = AXIS2_PLACEMENT_3D ( 'NONE', #2100, #1001, #3176 ) ;
#1699 = ADVANCED_FACE ( 'NONE', ( #2934 ), #1034, .F. ) ;
#1700 = DIRECTION ( 'NONE',  ( 1.000000000000000000, 0.000000000000000000, 0.000000000000000000 ) ) ;
#1701 = EDGE_LOOP ( 'NONE', ( #2818, #3520, #3170, #1738 ) ) ;
#1702 = VECTOR ( 'NONE', #915, 1000.000000000000000 ) ;
#1703 = FACE_OUTER_BOUND ( 'NONE', #2143, .T. ) ;
#1704 = CARTESIAN_POINT ( 'NONE',  ( 0.8000000000000001554, 0.000000000000000000, 1.000000000000000222 ) ) ;
#1705 = AXIS2_PLACEMENT_3D ( 'NONE', #1330, #2475, #818 ) ;
#1706 = FACE_OUTER_BOUND ( 'NONE', #2287, .T. ) ;
#1707 = CARTESIAN_POINT ( 'NONE',  ( -0.7299999999999998712, 0.000000000000000000, -0.8300000000000000711 ) ) ;
#1708 = FILL_AREA_STYLE_COLOUR ( '', #2897 ) ;
#1709 = ORIENTED_EDGE ( 'NONE', *, *, #2960, .T. ) ;
#1710 = VERTEX_POINT ( 'NONE', #2682 ) ;
#1711 = DIRECTION ( 'NONE',  ( 1.000000000000000000, 0.000000000000000000, 0.000000000000000000 ) ) ;
#1712 = ORIENTED_EDGE ( 'NONE', *, *, #2599, .F. ) ;
#1713 = DIRECTION ( 'NONE',  ( 0.000000000000000000, 1.000000000000000000, 0.000000000000000000 ) ) ;
#1714 = VERTEX_POINT ( 'NONE', #492 ) ;
#1715 = CARTESIAN_POINT ( 'NONE',  ( 0.8000000000000003775, 0.000000000000000000, -0.8999999999999996891 ) ) ;
#1716 = LINE ( 'NONE', #2803, #394 ) ;
#1717 = DIRECTION ( 'NONE',  ( 1.000000000000000000, 0.000000000000000000, 0.000000000000000000 ) ) ;
#1718 = CIRCLE ( 'NONE', #2918, 0.2349999999999999589 ) ;
#1719 = EDGE_CURVE ( 'NONE', #1038, #1588, #2669, .T. ) ;
#1720 = CARTESIAN_POINT ( 'NONE',  ( 0.6999999999999998446, 0.1275000000000000022, 1.000000000000000000 ) ) ;
#1721 = CARTESIAN_POINT ( 'NONE',  ( 0.7199999999999999734, 0.4049999999999999711, -0.7200000000000000844 ) ) ;
#1722 = VERTEX_POINT ( 'NONE', #1583 ) ;
#1723 = FACE_OUTER_BOUND ( 'NONE', #2972, .T. ) ;
#1724 = CIRCLE ( 'NONE', #2171, 0.1549999999999997491 ) ;
#1725 = PLANE ( 'NONE',  #2347 ) ;
#1726 = DIRECTION ( 'NONE',  ( -0.000000000000000000, -1.000000000000000000, -0.000000000000000000 ) ) ;
#1727 = CARTESIAN_POINT ( 'NONE',  ( -0.7000000000000000666, 0.4049999999999999711, -0.7200000000000000844 ) ) ;
#1728 = EDGE_CURVE ( 'NONE', #1746, #3263, #228, .T. ) ;
#1729 = EDGE_LOOP ( 'NONE', ( #829, #147, #2443, #3074 ) ) ;
#1730 = DIRECTION ( 'NONE',  ( -0.000000000000000000, 1.000000000000000000, -0.000000000000000000 ) ) ;
#1731 = VERTEX_POINT ( 'NONE', #1318 ) ;
#1732 = EDGE_LOOP ( 'NONE', ( #747, #2186, #2592, #2689 ) ) ;
#1733 = FACE_OUTER_BOUND ( 'NONE', #131, .T. ) ;
#1734 = ORIENTED_EDGE ( 'NONE', *, *, #2135, .F. ) ;
#1735 = DIRECTION ( 'NONE',  ( 0.000000000000000000, 1.000000000000000000, 0.000000000000000000 ) ) ;
#1736 = FACE_OUTER_BOUND ( 'NONE', #1602, .T. ) ;
#1737 = CARTESIAN_POINT ( 'NONE',  ( 0.6999999999999998446, 3.280350850198277435, 0.7200000000000004174 ) ) ;
#1738 = ORIENTED_EDGE ( 'NONE', *, *, #2696, .T. ) ;
#1739 = CARTESIAN_POINT ( 'NONE',  ( 0.6750000000000000444, 0.5000000000000000000, -0.7199999999999999734 ) ) ;
#1740 = EDGE_CURVE ( 'NONE', #3444, #139, #1832, .T. ) ;
#1741 = DIRECTION ( 'NONE',  ( -0.000000000000000000, 1.000000000000000000, -0.000000000000000000 ) ) ;
#1742 = ORIENTED_EDGE ( 'NONE', *, *, #920, .F. ) ;
#1743 = CARTESIAN_POINT ( 'NONE',  ( 0.6299999999999996714, 0.9789693182963199458, 0.9300000000000003819 ) ) ;
#1744 = CYLINDRICAL_SURFACE ( 'NONE', #677, 0.1799999999999999378 ) ;
#1745 = EDGE_CURVE ( 'NONE', #2875, #1346, #3229, .T. ) ;
#1746 = VERTEX_POINT ( 'NONE', #271 ) ;
#1747 = ADVANCED_FACE ( 'NONE', ( #10 ), #1084, .F. ) ;
#1748 = CARTESIAN_POINT ( 'NONE',  ( -0.8000000000000001554, 0.2550000000000000044, -1.000000000000000000 ) ) ;
#1749 = VECTOR ( 'NONE', #1440, 1000.000000000000000 ) ;
#1750 = LINE ( 'NONE', #2838, #2092 ) ;
#1751 = EDGE_LOOP ( 'NONE', ( #407, #1308, #3145, #948 ) ) ;
#1752 = AXIS2_PLACEMENT_3D ( 'NONE', #854, #1663, #298 ) ;
#1753 = VERTEX_POINT ( 'NONE', #2196 ) ;
#1754 = LINE ( 'NONE', #398, #1702 ) ;
#1755 = ORIENTED_EDGE ( 'NONE', *, *, #3518, .F. ) ;
#1756 = AXIS2_PLACEMENT_3D ( 'NONE', #871, #1400, #1711 ) ;
#1757 = DIRECTION ( 'NONE',  ( 0.000000000000000000, 0.000000000000000000, 1.000000000000000000 ) ) ;
#1758 = DIRECTION ( 'NONE',  ( -0.000000000000000000, -1.000000000000000000, -0.000000000000000000 ) ) ;
#1759 = AXIS2_PLACEMENT_3D ( 'NONE', #791, #2979, #3515 ) ;
#1760 = DIRECTION ( 'NONE',  ( 0.000000000000000000, 1.000000000000000000, 0.000000000000000000 ) ) ;
#1761 = DIRECTION ( 'NONE',  ( 1.000000000000000000, 0.000000000000000000, 0.000000000000000000 ) ) ;
#1762 = VECTOR ( 'NONE', #2391, 1000.000000000000000 ) ;
#1763 = CIRCLE ( 'NONE', #2718, 0.1999999999999999833 ) ;
#1764 = LINE ( 'NONE', #1553, #3132 ) ;
#1765 = CARTESIAN_POINT ( 'NONE',  ( -0.7299999999999998712, 0.9789693182963199458, -0.8300000000000000711 ) ) ;
#1766 = CIRCLE ( 'NONE', #225, 0.1799999999999999378 ) ;
#1767 = VECTOR ( 'NONE', #167, 1000.000000000000000 ) ;
#1768 = EDGE_LOOP ( 'NONE', ( #2952, #1850, #2004, #1422 ) ) ;
#1769 = EDGE_CURVE ( 'NONE', #1261, #752, #1952, .T. ) ;
#1770 = DIRECTION ( 'NONE',  ( 0.000000000000000000, 0.000000000000000000, -1.000000000000000000 ) ) ;
#1771 = CARTESIAN_POINT ( 'NONE',  ( -0.8000000000000003775, 0.1275000000000000022, 0.9300000000000002709 ) ) ;
#1772 = VECTOR ( 'NONE', #2559, 1000.000000000000000 ) ;
#1773 = VERTEX_POINT ( 'NONE', #323 ) ;
#1774 = ADVANCED_FACE ( 'NONE', ( #2236 ), #384, .F. ) ;
#1775 = VERTEX_POINT ( 'NONE', #3050 ) ;
#1776 = CARTESIAN_POINT ( 'NONE',  ( -0.5200000000000000178, 0.3249999999999999001, -0.9200000000000000400 ) ) ;
#1777 = EDGE_CURVE ( 'NONE', #604, #1192, #360, .T. ) ;
#1778 = CARTESIAN_POINT ( 'NONE',  ( 0.2499999999999998890, 0.000000000000000000, 0.3500000000000002554 ) ) ;
#1779 = VERTEX_POINT ( 'NONE', #861 ) ;
#1780 = CARTESIAN_POINT ( 'NONE',  ( -0.5199999999999999067, 0.4049999999999999711, -0.9200000000000001510 ) ) ;
#1781 = AXIS2_PLACEMENT_3D ( 'NONE', #2765, #3319, #2183 ) ;
#1782 = STYLED_ITEM ( 'NONE', ( #2806 ), #173 ) ;
#1783 = CARTESIAN_POINT ( 'NONE',  ( 0.7299999999999999822, 0.1275000000000000022, 0.8300000000000004041 ) ) ;
#1784 = ORIENTED_EDGE ( 'NONE', *, *, #3020, .F. ) ;
#1785 = ORIENTED_EDGE ( 'NONE', *, *, #182, .T. ) ;
#1786 = FACE_OUTER_BOUND ( 'NONE', #1182, .T. ) ;
#1787 = PLANE ( 'NONE',  #2370 ) ;
#1788 = ORIENTED_EDGE ( 'NONE', *, *, #62, .F. ) ;
#1789 = EDGE_CURVE ( 'NONE', #446, #199, #729, .T. ) ;
#1790 = EDGE_LOOP ( 'NONE', ( #155, #1226, #493, #1462, #3305, #631, #2736 ) ) ;
#1791 = APPLICATION_PROTOCOL_DEFINITION ( 'draft international standard', 'automotive_design', 1998, #495 ) ;
#1792 = CARTESIAN_POINT ( 'NONE',  ( -0.8000000000000001554, 0.9789693182963199458, 0.8999999999999998002 ) ) ;
#1793 = EDGE_CURVE ( 'NONE', #1194, #3263, #2278, .T. ) ;
#1794 = ORIENTED_EDGE ( 'NONE', *, *, #2033, .F. ) ;
#1795 = DIRECTION ( 'NONE',  ( 0.000000000000000000, 1.000000000000000000, 0.000000000000000000 ) ) ;
#1796 = PRODUCT_DEFINITION_FORMATION_WITH_SPECIFIED_SOURCE ( 'ANY', '', #563, .NOT_KNOWN. ) ;
#1797 = DIRECTION ( 'NONE',  ( 1.000000000000000000, -0.000000000000000000, -0.000000000000000000 ) ) ;
#1798 = DIRECTION ( 'NONE',  ( 0.000000000000000000, 0.000000000000000000, 1.000000000000000000 ) ) ;
#1799 = VERTEX_POINT ( 'NONE', #44 ) ;
#1800 = AXIS2_PLACEMENT_3D ( 'NONE', #2175, #3253, #2988 ) ;
#1801 = CARTESIAN_POINT ( 'NONE',  ( 0.7199999999999999734, 0.4049999999999999711, -0.7200000000000000844 ) ) ;
#1802 = DIRECTION ( 'NONE',  ( -1.000000000000000000, 0.000000000000000000, 0.000000000000000000 ) ) ;
#1803 = VERTEX_POINT ( 'NONE', #820 ) ;
#1804 = DIRECTION ( 'NONE',  ( -7.434529182757770835E-15, 0.000000000000000000, 1.000000000000000000 ) ) ;
#1805 = ADVANCED_FACE ( 'NONE', ( #1703 ), #2787, .T. ) ;
#1806 = ORIENTED_EDGE ( 'NONE', *, *, #1437, .F. ) ;
#1807 = FILL_AREA_STYLE ('',( #2114 ) ) ;
#1808 = DIRECTION ( 'NONE',  ( 8.673617379884068604E-15, 1.000000000000000000, 0.000000000000000000 ) ) ;
#1809 = AXIS2_PLACEMENT_3D ( 'NONE', #3310, #2489, #1127 ) ;
#1810 = ORIENTED_EDGE ( 'NONE', *, *, #1526, .T. ) ;
#1811 = CARTESIAN_POINT ( 'NONE',  ( -0.2500000000000000000, 0.1275000000000000022, -1.000000000000000000 ) ) ;
#1812 = CARTESIAN_POINT ( 'NONE',  ( -0.2500000000000000555, 0.000000000000000000, 0.000000000000000000 ) ) ;
#1813 = EDGE_CURVE ( 'NONE', #1690, #1522, #1933, .T. ) ;
#1814 = CARTESIAN_POINT ( 'NONE',  ( -0.7300000000000002043, 0.1275000000000000022, 0.8300000000000001821 ) ) ;
#1815 = VECTOR ( 'NONE', #1204, 1000.000000000000000 ) ;
#1816 = DIRECTION ( 'NONE',  ( -1.000000000000000000, 0.000000000000000000, 0.000000000000000000 ) ) ;
#1817 = EDGE_LOOP ( 'NONE', ( #2237, #2512, #2597, #647, #2433, #3136, #1709 ) ) ;
#1818 = VECTOR ( 'NONE', #1080, 1000.000000000000000 ) ;
#1819 = CARTESIAN_POINT ( 'NONE',  ( -0.6749999999999999334, 0.5000000000000000000, -5.082197683525802651E-17 ) ) ;
#1820 = VERTEX_POINT ( 'NONE', #1667 ) ;
#1821 = AXIS2_PLACEMENT_3D ( 'NONE', #649, #312, #58 ) ;
#1822 = AXIS2_PLACEMENT_3D ( 'NONE', #2234, #2579, #3129 ) ;
#1823 = ORIENTED_EDGE ( 'NONE', *, *, #3251, .T. ) ;
#1824 = SURFACE_STYLE_FILL_AREA ( #2343 ) ;
#1825 = CARTESIAN_POINT ( 'NONE',  ( -0.8000000000000001554, 0.1275000000000000022, -1.000000000000000000 ) ) ;
#1826 = ORIENTED_EDGE ( 'NONE', *, *, #241, .F. ) ;
#1827 = DIRECTION ( 'NONE',  ( 1.000000000000000000, 0.000000000000000000, 0.000000000000000000 ) ) ;
#1828 = LINE ( 'NONE', #1111, #171 ) ;
#1829 = ADVANCED_FACE ( 'NONE', ( #559 ), #3298, .T. ) ;
#1830 = DIRECTION ( 'NONE',  ( 0.000000000000000000, 0.000000000000000000, 1.000000000000000000 ) ) ;
#1831 = FACE_OUTER_BOUND ( 'NONE', #374, .T. ) ;
#1832 = LINE ( 'NONE', #2123, #2204 ) ;
#1833 = EDGE_LOOP ( 'NONE', ( #3250, #780, #1755, #2445 ) ) ;
#1834 = VECTOR ( 'NONE', #1974, 1000.000000000000000 ) ;
#1835 = EDGE_CURVE ( 'NONE', #1919, #3006, #3012, .T. ) ;
#1836 = LINE ( 'NONE', #762, #376 ) ;
#1837 = ORIENTED_EDGE ( 'NONE', *, *, #2388, .T. ) ;
#1838 = VERTEX_POINT ( 'NONE', #1389 ) ;
#1839 =( LENGTH_UNIT ( ) NAMED_UNIT ( * ) SI_UNIT ( .MILLI., .METRE. ) );
#1840 =( NAMED_UNIT ( * ) SI_UNIT ( $, .STERADIAN. ) SOLID_ANGLE_UNIT ( ) );
#1841 = ORIENTED_EDGE ( 'NONE', *, *, #1401, .T. ) ;
#1842 = CARTESIAN_POINT ( 'NONE',  ( 0.2500000000000001665, 0.1275000000000000022, -0.5500000000000003775 ) ) ;
#1843 = CARTESIAN_POINT ( 'NONE',  ( -0.8000000000000000444, 0.000000000000000000, 0.9000000000000000222 ) ) ;
#1844 = PRODUCT_DEFINITION ( 'UNKNOWN', '', #1796, #850 ) ;
#1845 = PLANE ( 'NONE',  #1557 ) ;
#1846 = CARTESIAN_POINT ( 'NONE',  ( -0.7299999999999998712, 0.1275000000000000022, -1.000000000000000000 ) ) ;
#1847 = ORIENTED_EDGE ( 'NONE', *, *, #3072, .T. ) ;
#1848 = EDGE_CURVE ( 'NONE', #622, #1471, #2551, .T. ) ;
#1849 = CARTESIAN_POINT ( 'NONE',  ( 0.7300000000000002043, 0.1275000000000000022, -0.8299999999999999600 ) ) ;
#1850 = ORIENTED_EDGE ( 'NONE', *, *, #1653, .F. ) ;
#1851 = LINE ( 'NONE', #280, #2490 ) ;
#1852 = DIRECTION ( 'NONE',  ( 2.258754526011466749E-16, 0.000000000000000000, -1.000000000000000000 ) ) ;
#1853 = ORIENTED_EDGE ( 'NONE', *, *, #1534, .F. ) ;
#1854 = CIRCLE ( 'NONE', #1229, 0.2350000000000001255 ) ;
#1855 = LINE ( 'NONE', #2945, #2886 ) ;
#1856 = LINE ( 'NONE', #3481, #219 ) ;
#1857 = VECTOR ( 'NONE', #1314, 1000.000000000000000 ) ;
#1858 = CYLINDRICAL_SURFACE ( 'NONE', #3191, 0.1800000000000001599 ) ;
#1859 = LINE ( 'NONE', #3471, #2997 ) ;
#1860 = TOROIDAL_SURFACE ( 'NONE', #956, 0.1550000000000001932, 0.02499999999999992853 ) ;
#1861 = ORIENTED_EDGE ( 'NONE', *, *, #2135, .T. ) ;
#1862 = AXIS2_PLACEMENT_3D ( 'NONE', #3, #1365, #1108 ) ;
#1863 = CIRCLE ( 'NONE', #3171, 0.2000000000000002054 ) ;
#1864 = CYLINDRICAL_SURFACE ( 'NONE', #1909, 0.08749999999999946709 ) ;
#1865 = ORIENTED_EDGE ( 'NONE', *, *, #1918, .F. ) ;
#1866 = VECTOR ( 'NONE', #2931, 1000.000000000000000 ) ;
#1867 = ADVANCED_FACE ( 'NONE', ( #1454 ), #3318, .F. ) ;
#1868 = VECTOR ( 'NONE', #1073, 1000.000000000000000 ) ;
#1869 = CARTESIAN_POINT ( 'NONE',  ( 0.4500000000000005662, 0.000000000000000000, -0.3499999999999998113 ) ) ;
#1870 = ORIENTED_EDGE ( 'NONE', *, *, #699, .T. ) ;
#1871 = CARTESIAN_POINT ( 'NONE',  ( 0.5199999999999997957, 0.5000000000000000000, 0.8750000000000003331 ) ) ;
#1872 = VECTOR ( 'NONE', #3196, 1000.000000000000000 ) ;
#1873 = ADVANCED_FACE ( 'NONE', ( #1723 ), #1971, .F. ) ;
#1874 = ORIENTED_EDGE ( 'NONE', *, *, #3306, .T. ) ;
#1875 = DIRECTION ( 'NONE',  ( 0.7071067811865481278, 0.000000000000000000, 0.7071067811865470176 ) ) ;
#1876 = DIRECTION ( 'NONE',  ( 1.000000000000000000, 0.000000000000000000, 0.000000000000000000 ) ) ;
#1877 = CARTESIAN_POINT ( 'NONE',  ( 0.7199999999999999734, 0.4049999999999999711, 0.7200000000000004174 ) ) ;
#1878 = CARTESIAN_POINT ( 'NONE',  ( 1.824378655624647548E-16, 0.5000000000000000000, -0.8750000000000000000 ) ) ;
#1879 = LINE ( 'NONE', #252, #1604 ) ;
#1880 = CARTESIAN_POINT ( 'NONE',  ( 0.7300000000000000933, 0.9789693182963199458, 0.8300000000000005151 ) ) ;
#1881 = CARTESIAN_POINT ( 'NONE',  ( -0.5199999999999996847, 0.3249999999999999001, 1.007499999999999174 ) ) ;
#1882 = DIRECTION ( 'NONE',  ( -1.000000000000000000, 0.000000000000000000, 0.000000000000000000 ) ) ;
#1883 = AXIS2_PLACEMENT_3D ( 'NONE', #2582, #2881, #3434 ) ;
#1884 = PLANE ( 'NONE',  #1412 ) ;
#1885 = EDGE_CURVE ( 'NONE', #2220, #2447, #1996, .T. ) ;
#1886 = ADVANCED_FACE ( 'NONE', ( #2535 ), #103, .F. ) ;
#1887 = VERTEX_POINT ( 'NONE', #1098 ) ;
#1888 = DIRECTION ( 'NONE',  ( 9.346570452461245291E-17, 0.000000000000000000, -1.000000000000000000 ) ) ;
#1889 = ADVANCED_FACE ( 'NONE', ( #2851 ), #1233, .T. ) ;
#1890 = ORIENTED_EDGE ( 'NONE', *, *, #2578, .F. ) ;
#1891 = CARTESIAN_POINT ( 'NONE',  ( 0.000000000000000000, 0.000000000000000000, -0.3500000000000000333 ) ) ;
#1892 = CARTESIAN_POINT ( 'NONE',  ( 0.8000000000000003775, 0.1275000000000000022, -0.9300000000000001599 ) ) ;
#1893 = EDGE_CURVE ( 'NONE', #2318, #517, #389, .T. ) ;
#1894 = CARTESIAN_POINT ( 'NONE',  ( -0.6999999999999999556, 3.280350850198277435, -0.7200000000000000844 ) ) ;
#1895 = LINE ( 'NONE', #9, #576 ) ;
#1896 = LINE ( 'NONE', #3210, #3410 ) ;
#1897 = EDGE_LOOP ( 'NONE', ( #1109, #11, #720, #3036 ) ) ;
#1898 = ORIENTED_EDGE ( 'NONE', *, *, #2124, .F. ) ;
#1899 = CARTESIAN_POINT ( 'NONE',  ( 0.2500000000000002220, 0.1275000000000000022, -0.9300000000000001599 ) ) ;
#1900 = VERTEX_POINT ( 'NONE', #941 ) ;
#1901 =( LENGTH_UNIT ( ) NAMED_UNIT ( * ) SI_UNIT ( .MILLI., .METRE. ) );
#1902 = ORIENTED_EDGE ( 'NONE', *, *, #2139, .F. ) ;
#1903 = FACE_OUTER_BOUND ( 'NONE', #1415, .T. ) ;
#1904 = ORIENTED_EDGE ( 'NONE', *, *, #3020, .T. ) ;
#1905 = DIRECTION ( 'NONE',  ( -1.000000000000000000, 0.000000000000000000, 0.000000000000000000 ) ) ;
#1906 = LINE ( 'NONE', #1991, #2332 ) ;
#1907 = DIRECTION ( 'NONE',  ( -0.000000000000000000, -1.000000000000000000, -0.000000000000000000 ) ) ;
#1908 = EDGE_CURVE ( 'NONE', #654, #1496, #1267, .T. ) ;
#1909 = AXIS2_PLACEMENT_3D ( 'NONE', #258, #275, #3201 ) ;
#1910 = FACE_OUTER_BOUND ( 'NONE', #878, .T. ) ;
#1911 = DIRECTION ( 'NONE',  ( 1.000000000000000000, 0.000000000000000000, 0.000000000000000000 ) ) ;
#1912 = DIRECTION ( 'NONE',  ( -0.7071067811865453523, 0.000000000000000000, -0.7071067811865496822 ) ) ;
#1913 = EDGE_CURVE ( 'NONE', #3199, #2177, #114, .T. ) ;
#1914 = AXIS2_PLACEMENT_3D ( 'NONE', #1550, #2678, #236 ) ;
#1915 = ORIENTED_EDGE ( 'NONE', *, *, #1769, .T. ) ;
#1916 = CIRCLE ( 'NONE', #382, 0.08749999999999946709 ) ;
#1917 = FACE_OUTER_BOUND ( 'NONE', #1299, .T. ) ;
#1918 = EDGE_CURVE ( 'NONE', #36, #2898, #2428, .T. ) ;
#1919 = VERTEX_POINT ( 'NONE', #2879 ) ;
#1920 = AXIS2_PLACEMENT_3D ( 'NONE', #3484, #1067, #2166 ) ;
#1921 = LINE ( 'NONE', #2128, #396 ) ;
#1922 = ORIENTED_EDGE ( 'NONE', *, *, #1091, .T. ) ;
#1923 = VECTOR ( 'NONE', #128, 1000.000000000000000 ) ;
#1924 = CARTESIAN_POINT ( 'NONE',  ( 0.8000000000000003775, 0.9789693182963199458, -0.9999999999999997780 ) ) ;
#1925 = MECHANICAL_DESIGN_GEOMETRIC_PRESENTATION_REPRESENTATION (  '', ( #3128 ), #3354 ) ;
#1926 = ORIENTED_EDGE ( 'NONE', *, *, #1401, .F. ) ;
#1927 = CARTESIAN_POINT ( 'NONE',  ( -0.2499999999999999445, 0.1275000000000000022, -0.3499999999999998668 ) ) ;
#1928 = DIRECTION ( 'NONE',  ( 1.000000000000000000, 0.000000000000000000, 0.000000000000000000 ) ) ;
#1929 = COLOUR_RGB ( '',0.7960784313725489669, 0.8235294117647058432, 0.9372549019607843146 ) ;
#1930 = CARTESIAN_POINT ( 'NONE',  ( 0.8000000000000001554, 0.000000000000000000, 0.9000000000000000222 ) ) ;
#1931 = LINE ( 'NONE', #3258, #912 ) ;
#1932 = AXIS2_PLACEMENT_3D ( 'NONE', #2499, #2440, #63 ) ;
#1933 = LINE ( 'NONE', #1651, #1112 ) ;
#1934 = EDGE_CURVE ( 'NONE', #2265, #3013, #3383, .T. ) ;
#1935 = EDGE_LOOP ( 'NONE', ( #2663, #111, #3332, #181, #2062, #3284, #2173 ) ) ;
#1936 = DIRECTION ( 'NONE',  ( -0.000000000000000000, -1.000000000000000000, -0.000000000000000000 ) ) ;
#1937 = CARTESIAN_POINT ( 'NONE',  ( -0.8074999999999994404, 0.3249999999999999001, 0.7200000000000004174 ) ) ;
#1938 = ORIENTED_EDGE ( 'NONE', *, *, #2840, .F. ) ;
#1939 = EDGE_CURVE ( 'NONE', #349, #1263, #676, .T. ) ;
#1940 = ORIENTED_EDGE ( 'NONE', *, *, #1234, .F. ) ;
#1941 = FACE_OUTER_BOUND ( 'NONE', #3134, .T. ) ;
#1942 = ORIENTED_EDGE ( 'NONE', *, *, #3440, .F. ) ;
#1943 = CLOSED_SHELL ( 'NONE', ( #506, #724, #2505, #2692 ) ) ;
#1944 = LINE ( 'NONE', #2246, #1635 ) ;
#1945 = CARTESIAN_POINT ( 'NONE',  ( -0.5199999999999995737, 0.4750000000000010325, -0.9000000000000003553 ) ) ;
#1946 = ORIENTED_EDGE ( 'NONE', *, *, #1050, .F. ) ;
#1947 = LINE ( 'NONE', #1891, #260 ) ;
#1948 = FACE_OUTER_BOUND ( 'NONE', #3377, .T. ) ;
#1949 = CARTESIAN_POINT ( 'NONE',  ( -0.6299999999999998934, 0.1275000000000000022, 0.9300000000000002709 ) ) ;
#1950 = CARTESIAN_POINT ( 'NONE',  ( 0.5200000000000000178, 0.4049999999999999711, 0.9000000000000003553 ) ) ;
#1951 = VERTEX_POINT ( 'NONE', #1739 ) ;
#1952 = LINE ( 'NONE', #3032, #781 ) ;
#1953 = ORIENTED_EDGE ( 'NONE', *, *, #2633, .T. ) ;
#1954 = ADVANCED_FACE ( 'NONE', ( #2032 ), #2274, .F. ) ;
#1955 = DIRECTION ( 'NONE',  ( -4.627122202067982825E-16, -1.000000000000000000, 4.627122202067986770E-16 ) ) ;
#1956 = CARTESIAN_POINT ( 'NONE',  ( 0.7550000000000000044, 0.2550000000000000044, -0.7200000000000000844 ) ) ;
#1957 = DIRECTION ( 'NONE',  ( 1.000000000000000000, -0.000000000000000000, -0.000000000000000000 ) ) ;
#1958 = ORIENTED_EDGE ( 'NONE', *, *, #1728, .T. ) ;
#1959 = ADVANCED_FACE ( 'NONE', ( #2598 ), #3109, .T. ) ;
#1960 = CARTESIAN_POINT ( 'NONE',  ( -0.2499999999999997780, 0.1275000000000000022, 1.000000000000000000 ) ) ;
#1961 = VERTEX_POINT ( 'NONE', #3092 ) ;
#1962 = EDGE_CURVE ( 'NONE', #397, #2981, #176, .T. ) ;
#1963 = DIRECTION ( 'NONE',  ( 1.000000000000000000, 0.000000000000000000, 0.000000000000000000 ) ) ;
#1964 = EDGE_LOOP ( 'NONE', ( #2842, #1681, #331, #3267 ) ) ;
#1965 = SURFACE_STYLE_FILL_AREA ( #873 ) ;
#1966 = ORIENTED_EDGE ( 'NONE', *, *, #347, .F. ) ;
#1967 = DIRECTION ( 'NONE',  ( 0.000000000000000000, 1.000000000000000000, 0.000000000000000000 ) ) ;
#1968 = PLANE ( 'NONE',  #1246 ) ;
#1969 = CARTESIAN_POINT ( 'NONE',  ( 0.7300000000000002043, 0.1275000000000000022, -0.3499999999999998113 ) ) ;
#1970 = VERTEX_POINT ( 'NONE', #2581 ) ;
#1971 = PLANE ( 'NONE',  #617 ) ;
#1972 = LINE ( 'NONE', #3053, #2227 ) ;
#1973 = VECTOR ( 'NONE', #3474, 1000.000000000000000 ) ;
#1974 = DIRECTION ( 'NONE',  ( -0.000000000000000000, -0.000000000000000000, 1.000000000000000000 ) ) ;
#1975 = CARTESIAN_POINT ( 'NONE',  ( 0.8000000000000001554, 0.9789693182963199458, 0.9000000000000000222 ) ) ;
#1976 = SURFACE_STYLE_USAGE ( .BOTH. , #2000 ) ;
#1977 = VECTOR ( 'NONE', #445, 1000.000000000000000 ) ;
#1978 = ORIENTED_EDGE ( 'NONE', *, *, #2544, .F. ) ;
#1979 = VECTOR ( 'NONE', #2885, 1000.000000000000000 ) ;
#1980 = AXIS2_PLACEMENT_3D ( 'NONE', #2555, #1405, #1174 ) ;
#1981 = FACE_OUTER_BOUND ( 'NONE', #968, .T. ) ;
#1982 = ORIENTED_EDGE ( 'NONE', *, *, #2720, .T. ) ;
#1983 = EDGE_CURVE ( 'NONE', #577, #599, #2313, .T. ) ;
#1984 = AXIS2_PLACEMENT_3D ( 'NONE', #418, #431, #3476 ) ;
#1985 = CARTESIAN_POINT ( 'NONE',  ( 0.6999999999999996225, 0.1275000000000000022, 1.000000000000000000 ) ) ;
#1986 = PRESENTATION_LAYER_ASSIGNMENT (  '', '', ( #681 ) ) ;
#1987 = ORIENTED_EDGE ( 'NONE', *, *, #2992, .T. ) ;
#1988 = FACE_OUTER_BOUND ( 'NONE', #1339, .T. ) ;
#1989 = ORIENTED_EDGE ( 'NONE', *, *, #1745, .F. ) ;
#1990 = CARTESIAN_POINT ( 'NONE',  ( 0.5199999999999999067, 0.4049999999999999711, 0.7200000000000004174 ) ) ;
#1991 = CARTESIAN_POINT ( 'NONE',  ( -0.5199999999999999067, 0.4049999999999999711, -0.9200000000000001510 ) ) ;
#1992 = AXIS2_PLACEMENT_3D ( 'NONE', #3029, #299, #2192 ) ;
#1993 = EDGE_CURVE ( 'NONE', #1143, #849, #986, .T. ) ;
#1994 = LINE ( 'NONE', #3073, #1302 ) ;
#1995 = ORIENTED_EDGE ( 'NONE', *, *, #519, .T. ) ;
#1996 = LINE ( 'NONE', #3075, #1590 ) ;
#1997 = VECTOR ( 'NONE', #612, 1000.000000000000000 ) ;
#1998 = PLANE ( 'NONE',  #803 ) ;
#1999 = PLANE ( 'NONE',  #208 ) ;
#2000 = SURFACE_SIDE_STYLE ('',( #597 ) ) ;
#2001 = ORIENTED_EDGE ( 'NONE', *, *, #2572, .T. ) ;
#2002 = LINE ( 'NONE', #411, #547 ) ;
#2003 = PLANE ( 'NONE',  #3179 ) ;
#2004 = ORIENTED_EDGE ( 'NONE', *, *, #2676, .T. ) ;
#2005 = EDGE_CURVE ( 'NONE', #3491, #3464, #381, .T. ) ;
#2006 = ORIENTED_EDGE ( 'NONE', *, *, #2857, .T. ) ;
#2007 = PLANE ( 'NONE',  #2776 ) ;
#2008 = ORIENTED_EDGE ( 'NONE', *, *, #2267, .F. ) ;
#2009 = DIRECTION ( 'NONE',  ( 0.000000000000000000, -1.000000000000000000, 0.000000000000000000 ) ) ;
#2010 = EDGE_CURVE ( 'NONE', #1493, #2704, #3397, .T. ) ;
#2011 = CARTESIAN_POINT ( 'NONE',  ( -0.8000000000000001554, 0.2550000000000000044, 0.8999999999999998002 ) ) ;
#2012 = DIRECTION ( 'NONE',  ( 7.529181753371557474E-17, 0.000000000000000000, 1.000000000000000000 ) ) ;
#2013 = ORIENTED_EDGE ( 'NONE', *, *, #17, .F. ) ;
#2014 = CARTESIAN_POINT ( 'NONE',  ( -0.7300000000000000933, 0.000000000000000000, 0.000000000000000000 ) ) ;
#2015 = AXIS2_PLACEMENT_3D ( 'NONE', #2790, #595, #640 ) ;
#2016 = EDGE_CURVE ( 'NONE', #1449, #760, #954, .T. ) ;
#2017 = LINE ( 'NONE', #362, #798 ) ;
#2018 = ORIENTED_EDGE ( 'NONE', *, *, #2063, .T. ) ;
#2019 = CARTESIAN_POINT ( 'NONE',  ( 0.8000000000000001554, 0.1275000000000000022, 0.3500000000000002554 ) ) ;
#2020 = FACE_OUTER_BOUND ( 'NONE', #2738, .T. ) ;
#2021 = DIRECTION ( 'NONE',  ( -1.000000000000000000, -0.000000000000000000, -0.000000000000000000 ) ) ;
#2022 = ORIENTED_EDGE ( 'NONE', *, *, #1934, .F. ) ;
#2023 = LINE ( 'NONE', #2339, #1169 ) ;
#2024 = DIRECTION ( 'NONE',  ( -7.529181753371558706E-17, 0.000000000000000000, 1.000000000000000000 ) ) ;
#2025 = ORIENTED_EDGE ( 'NONE', *, *, #2896, .F. ) ;
#2026 = ORIENTED_EDGE ( 'NONE', *, *, #2861, .T. ) ;
#2027 = CARTESIAN_POINT ( 'NONE',  ( 0.7300000000000002043, 0.9789693182963199458, -0.8299999999999999600 ) ) ;
#2028 = ORIENTED_EDGE ( 'NONE', *, *, #1036, .F. ) ;
#2029 = PLANE ( 'NONE',  #2418 ) ;
#2030 = CARTESIAN_POINT ( 'NONE',  ( -0.2499999999999999445, 0.1275000000000000022, -0.9300000000000001599 ) ) ;
#2031 = ORIENTED_EDGE ( 'NONE', *, *, #699, .F. ) ;
#2032 = FACE_OUTER_BOUND ( 'NONE', #2226, .T. ) ;
#2033 = EDGE_CURVE ( 'NONE', #2982, #3222, #971, .T. ) ;
#2034 = EDGE_CURVE ( 'NONE', #2414, #120, #555, .T. ) ;
#2035 = DIRECTION ( 'NONE',  ( -0.000000000000000000, -1.000000000000000000, 0.000000000000000000 ) ) ;
#2036 = EDGE_LOOP ( 'NONE', ( #704, #75, #3348, #893 ) ) ;
#2037 = CARTESIAN_POINT ( 'NONE',  ( -0.6299999999999998934, 0.000000000000000000, 0.9300000000000002709 ) ) ;
#2038 = ORIENTED_EDGE ( 'NONE', *, *, #1213, .T. ) ;
#2039 = CARTESIAN_POINT ( 'NONE',  ( -0.8000000000000003775, 0.000000000000000000, 1.000000000000000000 ) ) ;
#2040 = EDGE_CURVE ( 'NONE', #2078, #2830, #2381, .T. ) ;
#2041 = CIRCLE ( 'NONE', #2760, 0.1550000000000001932 ) ;
#2042 = LINE ( 'NONE', #3186, #1280 ) ;
#2043 = ORIENTED_EDGE ( 'NONE', *, *, #2957, .T. ) ;
#2044 = VECTOR ( 'NONE', #833, 1000.000000000000000 ) ;
#2045 = VERTEX_POINT ( 'NONE', #1622 ) ;
#2046 = VECTOR ( 'NONE', #707, 1000.000000000000000 ) ;
#2047 = CARTESIAN_POINT ( 'NONE',  ( -0.7299999999999999822, 0.9789693182963199458, -0.3499999999999999223 ) ) ;
#2048 = AXIS2_PLACEMENT_3D ( 'NONE', #2105, #3182, #745 ) ;
#2049 = DIRECTION ( 'NONE',  ( 1.000000000000000000, 0.000000000000000000, 0.000000000000000000 ) ) ;
#2050 = ORIENTED_EDGE ( 'NONE', *, *, #2936, .F. ) ;
#2051 = DIRECTION ( 'NONE',  ( 0.000000000000000000, -1.000000000000000000, 0.000000000000000000 ) ) ;
#2052 = AXIS2_PLACEMENT_3D ( 'NONE', #435, #2630, #2616 ) ;
#2053 = AXIS2_PLACEMENT_3D ( 'NONE', #2307, #3126, #1544 ) ;
#2054 = EDGE_CURVE ( 'NONE', #670, #548, #742, .T. ) ;
#2055 = FACE_OUTER_BOUND ( 'NONE', #3424, .T. ) ;
#2056 = VERTEX_POINT ( 'NONE', #3194 ) ;
#2057 = CARTESIAN_POINT ( 'NONE',  ( -0.5199999999999996847, 0.3250000000000000111, -0.7200000000000001954 ) ) ;
#2058 = AXIS2_PLACEMENT_3D ( 'NONE', #150, #1519, #3422 ) ;
#2059 = ORIENTED_EDGE ( 'NONE', *, *, #2906, .F. ) ;
#2060 = LINE ( 'NONE', #3120, #1767 ) ;
#2061 = CARTESIAN_POINT ( 'NONE',  ( 0.7300000000000002043, 0.1275000000000000022, -0.8299999999999999600 ) ) ;
#2062 = ORIENTED_EDGE ( 'NONE', *, *, #1962, .F. ) ;
#2063 = EDGE_CURVE ( 'NONE', #2084, #2045, #1856, .T. ) ;
#2064 = CARTESIAN_POINT ( 'NONE',  ( 0.7300000000000002043, 0.1275000000000000022, 0.8300000000000005151 ) ) ;
#2065 = ORIENTED_EDGE ( 'NONE', *, *, #1144, .T. ) ;
#2066 =( LENGTH_UNIT ( ) NAMED_UNIT ( * ) SI_UNIT ( .MILLI., .METRE. ) );
#2067 = CARTESIAN_POINT ( 'NONE',  ( -0.2500000000000000000, 0.000000000000000000, -0.3500000000000000333 ) ) ;
#2068 = FACE_OUTER_BOUND ( 'NONE', #174, .T. ) ;
#2069 = ORIENTED_EDGE ( 'NONE', *, *, #1918, .T. ) ;
#2070 = CARTESIAN_POINT ( 'NONE',  ( 0.7300000000000002043, 0.1275000000000000022, -0.8299999999999999600 ) ) ;
#2071 =( GEOMETRIC_REPRESENTATION_CONTEXT ( 3 ) GLOBAL_UNCERTAINTY_ASSIGNED_CONTEXT ( ( #311 ) ) GLOBAL_UNIT_ASSIGNED_CONTEXT ( ( #838, #1178, #3339 ) ) REPRESENTATION_CONTEXT ( 'NONE', 'WORKASPACE' ) );
#2072 = CARTESIAN_POINT ( 'NONE',  ( -0.2499999999999998335, 0.000000000000000000, -0.9299999999999999378 ) ) ;
#2073 = CARTESIAN_POINT ( 'NONE',  ( 0.6299999999999996714, 0.1275000000000000022, 0.9300000000000003819 ) ) ;
#2074 = VERTEX_POINT ( 'NONE', #754 ) ;
#2075 = EDGE_CURVE ( 'NONE', #1006, #1434, #2665, .T. ) ;
#2076 = CARTESIAN_POINT ( 'NONE',  ( 0.6999999999999998446, 0.4750000000000010325, 0.7200000000000004174 ) ) ;
#2077 = DIRECTION ( 'NONE',  ( -7.529181753371558706E-17, 0.000000000000000000, 1.000000000000000000 ) ) ;
#2078 = VERTEX_POINT ( 'NONE', #2946 ) ;
#2079 = EDGE_CURVE ( 'NONE', #641, #2371, #2917, .T. ) ;
#2080 = CARTESIAN_POINT ( 'NONE',  ( 0.5200000000000006839, 0.3249999999999999001, -1.007499999999999396 ) ) ;
#2081 = EDGE_LOOP ( 'NONE', ( #1481, #1326, #1528, #1035 ) ) ;
#2082 = EDGE_CURVE ( 'NONE', #2371, #2812, #2132, .T. ) ;
#2083 = CARTESIAN_POINT ( 'NONE',  ( 0.5199999999999996847, 0.2550000000000002265, 0.7200000000000004174 ) ) ;
#2084 = VERTEX_POINT ( 'NONE', #2648 ) ;
#2085 = DIRECTION ( 'NONE',  ( -0.7071067811865442421, 0.000000000000000000, 0.7071067811865509034 ) ) ;
#2086 = DIRECTION ( 'NONE',  ( 0.000000000000000000, 1.000000000000000000, 0.000000000000000000 ) ) ;
#2087 = LINE ( 'NONE', #1814, #2497 ) ;
#2088 = DIRECTION ( 'NONE',  ( 2.258754526011490415E-16, 0.000000000000000000, -1.000000000000000000 ) ) ;
#2089 = ORIENTED_EDGE ( 'NONE', *, *, #560, .F. ) ;
#2090 = DIRECTION ( 'NONE',  ( -1.426581805901980621E-16, -0.000000000000000000, -1.000000000000000000 ) ) ;
#2091 = ORIENTED_EDGE ( 'NONE', *, *, #2676, .F. ) ;
#2092 = VECTOR ( 'NONE', #2570, 1000.000000000000000 ) ;
#2093 = ORIENTED_EDGE ( 'NONE', *, *, #746, .F. ) ;
#2094 = DIRECTION ( 'NONE',  ( -0.000000000000000000, -0.000000000000000000, -1.000000000000000000 ) ) ;
#2095 = EDGE_CURVE ( 'NONE', #2862, #1090, #1031, .T. ) ;
#2096 = VECTOR ( 'NONE', #444, 1000.000000000000000 ) ;
#2097 = VECTOR ( 'NONE', #2590, 1000.000000000000000 ) ;
#2098 = VERTEX_POINT ( 'NONE', #1566 ) ;
#2099 = LINE ( 'NONE', #1842, #2834 ) ;
#2100 = CARTESIAN_POINT ( 'NONE',  ( -0.7300000000000002043, 0.1275000000000000022, 0.8300000000000001821 ) ) ;
#2101 = VECTOR ( 'NONE', #1503, 1000.000000000000000 ) ;
#2102 = EDGE_CURVE ( 'NONE', #2302, #2235, #237, .T. ) ;
#2103 = CARTESIAN_POINT ( 'NONE',  ( 0.7999999999999999334, 0.2550000000000000044, 1.000000000000000000 ) ) ;
#2104 = VECTOR ( 'NONE', #1477, 1000.000000000000000 ) ;
#2105 = CARTESIAN_POINT ( 'NONE',  ( 0.7999999999999999334, 0.2500000000000000000, -1.000000000000000000 ) ) ;
#2106 = FACE_OUTER_BOUND ( 'NONE', #2127, .T. ) ;
#2107 = ORIENTED_EDGE ( 'NONE', *, *, #1356, .T. ) ;
#2108 = VECTOR ( 'NONE', #1713, 1000.000000000000000 ) ;
#2109 = CARTESIAN_POINT ( 'NONE',  ( 0.8000000000000002665, 0.1275000000000000022, -0.8999999999999998002 ) ) ;
#2110 = ORIENTED_EDGE ( 'NONE', *, *, #2170, .F. ) ;
#2111 = PRESENTATION_LAYER_ASSIGNMENT (  '', '', ( #2215 ) ) ;
#2112 = VECTOR ( 'NONE', #3381, 1000.000000000000000 ) ;
#2113 = VERTEX_POINT ( 'NONE', #3466 ) ;
#2114 = FILL_AREA_STYLE_COLOUR ( '', #1540 ) ;
#2115 = CARTESIAN_POINT ( 'NONE',  ( 0.2500000000000002220, 0.000000000000000000, -0.5500000000000003775 ) ) ;
#2116 = CARTESIAN_POINT ( 'NONE',  ( 0.7549999999999998934, 0.2550000000000001155, 0.7200000000000004174 ) ) ;
#2117 = EDGE_CURVE ( 'NONE', #1434, #1232, #3207, .T. ) ;
#2118 = EDGE_LOOP ( 'NONE', ( #2329, #367, #2025, #2249 ) ) ;
#2119 = FACE_OUTER_BOUND ( 'NONE', #3413, .T. ) ;
#2120 = DIRECTION ( 'NONE',  ( 1.000000000000000000, 0.000000000000000000, 0.000000000000000000 ) ) ;
#2121 = EDGE_CURVE ( 'NONE', #139, #2302, #732, .T. ) ;
#2122 = CARTESIAN_POINT ( 'NONE',  ( 0.000000000000000000, 0.2500000000000000000, 1.000000000000000000 ) ) ;
#2123 = CARTESIAN_POINT ( 'NONE',  ( -0.7000000000000000666, 3.280350850198277435, 0.7200000000000000844 ) ) ;
#2124 = EDGE_CURVE ( 'NONE', #1775, #1377, #535, .T. ) ;
#2125 = ORIENTED_EDGE ( 'NONE', *, *, #1789, .F. ) ;
#2126 = DIRECTION ( 'NONE',  ( 0.000000000000000000, 0.000000000000000000, -1.000000000000000000 ) ) ;
#2127 = EDGE_LOOP ( 'NONE', ( #2756, #2168, #2188, #3441 ) ) ;
#2128 = CARTESIAN_POINT ( 'NONE',  ( 0.6999999999999998446, 0.1275000000000000022, 1.000000000000000000 ) ) ;
#2129 = CARTESIAN_POINT ( 'NONE',  ( -0.7300000000000002043, 0.1275000000000000022, 1.000000000000000000 ) ) ;
#2130 = ORIENTED_EDGE ( 'NONE', *, *, #250, .T. ) ;
#2131 = CARTESIAN_POINT ( 'NONE',  ( -0.7000000000000000666, 0.4049999999999999711, -0.7200000000000000844 ) ) ;
#2132 = LINE ( 'NONE', #1301, #1762 ) ;
#2133 = CARTESIAN_POINT ( 'NONE',  ( -0.2500000000000000000, 0.1275000000000000022, 0.9300000000000002709 ) ) ;
#2134 = LINE ( 'NONE', #2422, #1532 ) ;
#2135 = EDGE_CURVE ( 'NONE', #349, #446, #769, .T. ) ;
#2136 = ORIENTED_EDGE ( 'NONE', *, *, #895, .F. ) ;
#2137 = CARTESIAN_POINT ( 'NONE',  ( 0.7999999999999999334, 0.2500000000000000000, -0.8999999999999999112 ) ) ;
#2138 = ORIENTED_EDGE ( 'NONE', *, *, #1243, .T. ) ;
#2139 = EDGE_CURVE ( 'NONE', #3218, #622, #1061, .T. ) ;
#2140 = CARTESIAN_POINT ( 'NONE',  ( 0.5200000000000000178, 0.3250000000000000111, -0.7199999999999998623 ) ) ;
#2141 = ORIENTED_EDGE ( 'NONE', *, *, #2739, .F. ) ;
#2142 = DIRECTION ( 'NONE',  ( 1.000000000000000000, 0.000000000000000000, 0.000000000000000000 ) ) ;
#2143 = EDGE_LOOP ( 'NONE', ( #552, #343, #242, #3205 ) ) ;
#2144 = AXIS2_PLACEMENT_3D ( 'NONE', #2061, #3139, #2859 ) ;
#2145 = DIRECTION ( 'NONE',  ( -0.000000000000000000, -0.000000000000000000, -1.000000000000000000 ) ) ;
#2146 = DIRECTION ( 'NONE',  ( 0.000000000000000000, -1.000000000000000000, 0.000000000000000000 ) ) ;
#2147 = AXIS2_PLACEMENT_3D ( 'NONE', #1093, #2964, #2975 ) ;
#2148 = DIRECTION ( 'NONE',  ( 1.000000000000000000, 0.000000000000000000, 0.000000000000000000 ) ) ;
#2149 = DIRECTION ( 'NONE',  ( 0.000000000000000000, 0.000000000000000000, 1.000000000000000000 ) ) ;
#2150 = CIRCLE ( 'NONE', #2481, 0.1000000000000002554 ) ;
#2151 = VERTEX_POINT ( 'NONE', #1017 ) ;
#2152 = ADVANCED_FACE ( 'NONE', ( #2679 ), #3493, .T. ) ;
#2153 = CIRCLE ( 'NONE', #1474, 0.05999999999999994227 ) ;
#2154 = CARTESIAN_POINT ( 'NONE',  ( 0.000000000000000000, 0.000000000000000000, 0.000000000000000000 ) ) ;
#2155 = AXIS2_PLACEMENT_3D ( 'NONE', #2214, #2251, #2726 ) ;
#2156 = ADVANCED_FACE ( 'NONE', ( #786 ), #249, .F. ) ;
#2157 = VECTOR ( 'NONE', #2912, 1000.000000000000000 ) ;
#2158 = CARTESIAN_POINT ( 'NONE',  ( -0.6749999999999998224, 0.5000000000000000000, -0.7200000000000001954 ) ) ;
#2159 = ORIENTED_EDGE ( 'NONE', *, *, #464, .F. ) ;
#2160 = DIRECTION ( 'NONE',  ( -1.000000000000000000, 0.000000000000000000, 0.000000000000000000 ) ) ;
#2161 = ORIENTED_EDGE ( 'NONE', *, *, #2777, .F. ) ;
#2162 = DIRECTION ( 'NONE',  ( -0.7071067811865507924, 0.000000000000000000, -0.7071067811865441310 ) ) ;
#2163 = DIRECTION ( 'NONE',  ( -0.000000000000000000, 1.000000000000000000, -0.000000000000000000 ) ) ;
#2164 = LINE ( 'NONE', #1878, #2956 ) ;
#2165 = CARTESIAN_POINT ( 'NONE',  ( -0.8000000000000003775, 0.000000000000000000, 1.000000000000000000 ) ) ;
#2166 = DIRECTION ( 'NONE',  ( 0.000000000000000000, 0.000000000000000000, -1.000000000000000000 ) ) ;
#2167 = PLANE ( 'NONE',  #410 ) ;
#2168 = ORIENTED_EDGE ( 'NONE', *, *, #3156, .F. ) ;
#2169 = CARTESIAN_POINT ( 'NONE',  ( -0.7200000000000000844, 0.4049999999999999711, 0.7200000000000003064 ) ) ;
#2170 = EDGE_CURVE ( 'NONE', #1714, #433, #2965, .T. ) ;
#2171 = AXIS2_PLACEMENT_3D ( 'NONE', #2829, #2035, #383 ) ;
#2172 = SURFACE_STYLE_FILL_AREA ( #530 ) ;
#2173 = ORIENTED_EDGE ( 'NONE', *, *, #3183, .F. ) ;
#2174 = ADVANCED_FACE ( 'NONE', ( #2362 ), #3446, .F. ) ;
#2175 = CARTESIAN_POINT ( 'NONE',  ( 0.8000000000000003775, 0.1275000000000000022, -0.9999999999999997780 ) ) ;
#2176 = EDGE_CURVE ( 'NONE', #925, #2045, #1828, .T. ) ;
#2177 = VERTEX_POINT ( 'NONE', #834 ) ;
#2178 = CARTESIAN_POINT ( 'NONE',  ( 0.6749999999999999334, 0.5000000000000000000, 5.082197683525800802E-17 ) ) ;
#2179 = FACE_OUTER_BOUND ( 'NONE', #127, .T. ) ;
#2180 = CARTESIAN_POINT ( 'NONE',  ( -0.5199999999999996847, 0.4749999999999997558, -0.8750000000000001110 ) ) ;
#2181 = DIRECTION ( 'NONE',  ( 0.7071067811865507924, 0.000000000000000000, 0.7071067811865441310 ) ) ;
#2182 = CARTESIAN_POINT ( 'NONE',  ( 0.000000000000000000, 0.3249999999999999001, -1.007499999999999396 ) ) ;
#2183 = DIRECTION ( 'NONE',  ( -1.000000000000000000, -1.235990476633477327E-13, 0.000000000000000000 ) ) ;
#2184 = CARTESIAN_POINT ( 'NONE',  ( 0.7999999999999999334, 0.2500000000000000000, -0.8999999999999998002 ) ) ;
#2185 = ORIENTED_EDGE ( 'NONE', *, *, #2335, .F. ) ;
#2186 = ORIENTED_EDGE ( 'NONE', *, *, #3110, .T. ) ;
#2187 = SURFACE_STYLE_USAGE ( .BOTH. , #15 ) ;
#2188 = ORIENTED_EDGE ( 'NONE', *, *, #2245, .F. ) ;
#2189 = ADVANCED_FACE ( 'NONE', ( #6 ), #3046, .T. ) ;
#2190 = ORIENTED_EDGE ( 'NONE', *, *, #1908, .F. ) ;
#2191 = LINE ( 'NONE', #2178, #164 ) ;
#2192 = DIRECTION ( 'NONE',  ( 0.7071067811865473507, 0.000000000000000000, 0.7071067811865477948 ) ) ;
#2193 = AXIS2_PLACEMENT_3D ( 'NONE', #3213, #1587, #529 ) ;
#2194 = PLANE ( 'NONE',  #1705 ) ;
#2195 = FACE_OUTER_BOUND ( 'NONE', #1701, .T. ) ;
#2196 = CARTESIAN_POINT ( 'NONE',  ( 0.8000000000000000444, 0.000000000000000000, -0.8999999999999996891 ) ) ;
#2197 = EDGE_CURVE ( 'NONE', #2235, #3444, #3063, .T. ) ;
#2198 = VECTOR ( 'NONE', #1696, 1000.000000000000000 ) ;
#2199 = ORIENTED_EDGE ( 'NONE', *, *, #2655, .T. ) ;
#2200 = VECTOR ( 'NONE', #3158, 1000.000000000000000 ) ;
#2201 = DIRECTION ( 'NONE',  ( -1.936075308009828727E-15, 0.000000000000000000, 1.000000000000000000 ) ) ;
#2202 = CARTESIAN_POINT ( 'NONE',  ( 0.5199999999999999067, 0.3250000000000000666, 0.9199999999999998179 ) ) ;
#2203 = ORIENTED_EDGE ( 'NONE', *, *, #3282, .T. ) ;
#2204 = VECTOR ( 'NONE', #3495, 1000.000000000000000 ) ;
#2205 = ORIENTED_EDGE ( 'NONE', *, *, #2655, .F. ) ;
#2206 = CARTESIAN_POINT ( 'NONE',  ( 0.6749999999999999334, 0.4749999999999999778, 5.082197683525801418E-17 ) ) ;
#2207 = VERTEX_POINT ( 'NONE', #876 ) ;
#2208 = VECTOR ( 'NONE', #1328, 1000.000000000000000 ) ;
#2209 = UNCERTAINTY_MEASURE_WITH_UNIT (LENGTH_MEASURE( 1.000000000000000082E-05 ), #1228, 'distance_accuracy_value', 'NONE');
#2210 = DIRECTION ( 'NONE',  ( 0.000000000000000000, -1.000000000000000000, 0.000000000000000000 ) ) ;
#2211 = FACE_OUTER_BOUND ( 'NONE', #2276, .T. ) ;
#2212 = ORIENTED_EDGE ( 'NONE', *, *, #1254, .T. ) ;
#2213 = CARTESIAN_POINT ( 'NONE',  ( 0.5200000000000000178, 0.2550000000000000044, -0.7200000000000000844 ) ) ;
#2214 = CARTESIAN_POINT ( 'NONE',  ( -0.5199999999999995737, 0.4899999999999999911, -0.7200000000000000844 ) ) ;
#2215 = STYLED_ITEM ( 'NONE', ( #1672 ), #2607 ) ;
#2216 = CIRCLE ( 'NONE', #689, 0.1000000000000002554 ) ;
#2217 = EDGE_CURVE ( 'NONE', #2084, #1383, #554, .T. ) ;
#2218 = CARTESIAN_POINT ( 'NONE',  ( -0.6999999999999997335, 0.2500000000000000000, -1.000000000000000000 ) ) ;
#2219 = DIRECTION ( 'NONE',  ( 1.343316097518366299E-32, 4.627122202067986770E-16, 1.000000000000000000 ) ) ;
#2220 = VERTEX_POINT ( 'NONE', #1152 ) ;
#2221 = ADVANCED_FACE ( 'NONE', ( #1428 ), #2472, .F. ) ;
#2222 = CARTESIAN_POINT ( 'NONE',  ( 0.7300000000000002043, 0.000000000000000000, 0.000000000000000000 ) ) ;
#2223 = CARTESIAN_POINT ( 'NONE',  ( 0.6299999999999996714, 0.1275000000000000022, 0.9300000000000003819 ) ) ;
#2224 = ORIENTED_EDGE ( 'NONE', *, *, #313, .F. ) ;
#2225 = CYLINDRICAL_SURFACE ( 'NONE', #2256, 0.1000000000000002554 ) ;
#2226 = EDGE_LOOP ( 'NONE', ( #3149, #1841, #933, #2640 ) ) ;
#2227 = VECTOR ( 'NONE', #616, 1000.000000000000000 ) ;
#2228 = CARTESIAN_POINT ( 'NONE',  ( -0.2499999999999998890, 0.000000000000000000, 0.000000000000000000 ) ) ;
#2229 = ORIENTED_EDGE ( 'NONE', *, *, #1634, .F. ) ;
#2230 = CARTESIAN_POINT ( 'NONE',  ( 0.5200000000000000178, 3.280350850198277435, -0.9000000000000002442 ) ) ;
#2231 = ORIENTED_EDGE ( 'NONE', *, *, #1558, .F. ) ;
#2232 = CARTESIAN_POINT ( 'NONE',  ( -0.2499999999999998335, 0.1275000000000000022, -0.9300000000000002709 ) ) ;
#2233 = DIRECTION ( 'NONE',  ( 1.000000000000000000, 0.000000000000000000, 2.258754526011467242E-16 ) ) ;
#2234 = CARTESIAN_POINT ( 'NONE',  ( -0.5199999999999999067, 0.4750000000000010325, -0.7200000000000000844 ) ) ;
#2235 = VERTEX_POINT ( 'NONE', #3295 ) ;
#2236 = FACE_OUTER_BOUND ( 'NONE', #2528, .T. ) ;
#2237 = ORIENTED_EDGE ( 'NONE', *, *, #678, .T. ) ;
#2238 = ADVANCED_FACE ( 'NONE', ( #1948 ), #284, .T. ) ;
#2239 = LINE ( 'NONE', #881, #2796 ) ;
#2240 = PLANE ( 'NONE',  #1578 ) ;
#2241 = LINE ( 'NONE', #3323, #503 ) ;
#2242 = ORIENTED_EDGE ( 'NONE', *, *, #519, .F. ) ;
#2243 = DIRECTION ( 'NONE',  ( 0.000000000000000000, -1.000000000000000000, 0.000000000000000000 ) ) ;
#2244 = ORIENTED_EDGE ( 'NONE', *, *, #627, .T. ) ;
#2245 = EDGE_CURVE ( 'NONE', #2447, #3516, #1369, .T. ) ;
#2246 = CARTESIAN_POINT ( 'NONE',  ( 0.000000000000000000, 0.3249999999999999556, -0.9200000000000000400 ) ) ;
#2247 = ORIENTED_EDGE ( 'NONE', *, *, #3183, .T. ) ;
#2248 = DIRECTION ( 'NONE',  ( 0.000000000000000000, -1.000000000000000000, 0.000000000000000000 ) ) ;
#2249 = ORIENTED_EDGE ( 'NONE', *, *, #2040, .F. ) ;
#2250 = DIRECTION ( 'NONE',  ( -1.000000000000000000, 0.000000000000000000, 0.000000000000000000 ) ) ;
#2251 = DIRECTION ( 'NONE',  ( 0.000000000000000000, 1.000000000000000000, 0.000000000000000000 ) ) ;
#2252 = FACE_OUTER_BOUND ( 'NONE', #3080, .T. ) ;
#2253 = SURFACE_STYLE_FILL_AREA ( #3483 ) ;
#2254 = ORIENTED_EDGE ( 'NONE', *, *, #738, .T. ) ;
#2255 = DIRECTION ( 'NONE',  ( -1.000000000000000000, 0.000000000000000000, 1.129377263005733868E-16 ) ) ;
#2256 = AXIS2_PLACEMENT_3D ( 'NONE', #307, #2243, #3326 ) ;
#2257 = DIRECTION ( 'NONE',  ( 8.673617379884013384E-15, 1.000000000000000000, -8.673617379884013384E-15 ) ) ;
#2258 = CARTESIAN_POINT ( 'NONE',  ( -0.7300000000000000933, 0.1275000000000000022, 1.000000000000000000 ) ) ;
#2259 = CARTESIAN_POINT ( 'NONE',  ( -0.7299999999999998712, 0.000000000000000000, -0.8300000000000000711 ) ) ;
#2260 = ORIENTED_EDGE ( 'NONE', *, *, #3037, .F. ) ;
#2261 = EDGE_CURVE ( 'NONE', #1496, #2746, #1679, .T. ) ;
#2262 = VECTOR ( 'NONE', #3462, 1000.000000000000000 ) ;
#2263 = CARTESIAN_POINT ( 'NONE',  ( -0.6999999999999998446, 0.9789693182963199458, -0.9999999999999997780 ) ) ;
#2264 = DIRECTION ( 'NONE',  ( -1.000000000000000000, 0.000000000000000000, 0.000000000000000000 ) ) ;
#2265 = VERTEX_POINT ( 'NONE', #3334 ) ;
#2266 = VECTOR ( 'NONE', #806, 1000.000000000000000 ) ;
#2267 = EDGE_CURVE ( 'NONE', #1059, #2548, #3270, .T. ) ;
#2268 = VECTOR ( 'NONE', #159, 1000.000000000000000 ) ;
#2269 = ORIENTED_EDGE ( 'NONE', *, *, #67, .T. ) ;
#2270 = FACE_OUTER_BOUND ( 'NONE', #1564, .T. ) ;
#2271 = ORIENTED_EDGE ( 'NONE', *, *, #2102, .F. ) ;
#2272 = FACE_BOUND ( 'NONE', #3439, .T. ) ;
#2273 = CARTESIAN_POINT ( 'NONE',  ( -0.6999999999999998446, 0.000000000000000000, -0.9999999999999997780 ) ) ;
#2274 = TOROIDAL_SURFACE ( 'NONE', #1407, 0.2875000000000001998, 0.08750000000000057732 ) ;
#2275 = LINE ( 'NONE', #82, #276 ) ;
#2276 = EDGE_LOOP ( 'NONE', ( #3426, #149, #158, #1287 ) ) ;
#2277 = PRESENTATION_LAYER_ASSIGNMENT (  '', '', ( #273 ) ) ;
#2278 = LINE ( 'NONE', #3275, #3277 ) ;
#2279 = VECTOR ( 'NONE', #126, 1000.000000000000000 ) ;
#2280 = PLANE ( 'NONE',  #1081 ) ;
#2281 = DIRECTION ( 'NONE',  ( -0.000000000000000000, 1.000000000000000000, -0.000000000000000000 ) ) ;
#2282 =( NAMED_UNIT ( * ) SI_UNIT ( $, .STERADIAN. ) SOLID_ANGLE_UNIT ( ) );
#2283 = CARTESIAN_POINT ( 'NONE',  ( 0.6299999999999995604, 0.1275000000000000022, 0.9300000000000002709 ) ) ;
#2284 = ORIENTED_EDGE ( 'NONE', *, *, #1983, .F. ) ;
#2285 = DIRECTION ( 'NONE',  ( 1.000000000000000000, 0.000000000000000000, 0.000000000000000000 ) ) ;
#2286 = DIRECTION ( 'NONE',  ( 0.000000000000000000, 0.000000000000000000, 1.000000000000000000 ) ) ;
#2287 = EDGE_LOOP ( 'NONE', ( #659, #2260, #3188, #1560 ) ) ;
#2288 = EDGE_LOOP ( 'NONE', ( #869, #3409, #2780, #1205 ) ) ;
#2289 = DIRECTION ( 'NONE',  ( -0.7071067811865507924, 0.000000000000000000, -0.7071067811865441310 ) ) ;
#2290 = EDGE_CURVE ( 'NONE', #2981, #255, #3010, .T. ) ;
#2291 = ORIENTED_EDGE ( 'NONE', *, *, #3467, .T. ) ;
#2292 = LINE ( 'NONE', #2232, #441 ) ;
#2293 = DIRECTION ( 'NONE',  ( -1.000000000000000000, 0.000000000000000000, 0.000000000000000000 ) ) ;
#2294 = ADVANCED_FACE ( 'NONE', ( #2179 ), #2455, .T. ) ;
#2295 = CARTESIAN_POINT ( 'NONE',  ( -0.2499999999999998890, 0.1275000000000000022, -0.3500000000000000333 ) ) ;
#2296 = ORIENTED_EDGE ( 'NONE', *, *, #319, .T. ) ;
#2297 = CARTESIAN_POINT ( 'NONE',  ( 0.000000000000000000, 0.000000000000000000, 0.3500000000000002554 ) ) ;
#2298 = ADVANCED_FACE ( 'NONE', ( #1697 ), #1385, .F. ) ;
#2299 = DIRECTION ( 'NONE',  ( -1.000000000000000000, 0.000000000000000000, 0.000000000000000000 ) ) ;
#2300 = ORIENTED_EDGE ( 'NONE', *, *, #1043, .T. ) ;
#2301 = DIRECTION ( 'NONE',  ( -0.000000000000000000, -1.000000000000000000, -0.000000000000000000 ) ) ;
#2302 = VERTEX_POINT ( 'NONE', #2742 ) ;
#2303 = LINE ( 'NONE', #1463, #2096 ) ;
#2304 = FACE_OUTER_BOUND ( 'NONE', #1897, .T. ) ;
#2305 = ORIENTED_EDGE ( 'NONE', *, *, #2054, .F. ) ;
#2306 = ORIENTED_EDGE ( 'NONE', *, *, #2906, .T. ) ;
#2307 = CARTESIAN_POINT ( 'NONE',  ( -0.2500000000000000555, 0.1275000000000000022, 0.3500000000000001998 ) ) ;
#2308 = ORIENTED_EDGE ( 'NONE', *, *, #2624, .F. ) ;
#2309 = LINE ( 'NONE', #2047, #1103 ) ;
#2310 = FACE_OUTER_BOUND ( 'NONE', #2752, .T. ) ;
#2311 = EDGE_CURVE ( 'NONE', #2929, #3491, #1906, .T. ) ;
#2312 = CARTESIAN_POINT ( 'NONE',  ( 0.5199999999999999067, 0.3250000000000000666, 0.9200000000000000400 ) ) ;
#2313 = LINE ( 'NONE', #1812, #1641 ) ;
#2314 = DIRECTION ( 'NONE',  ( 0.7071067811865507924, 0.000000000000000000, -0.7071067811865441310 ) ) ;
#2315 = EDGE_LOOP ( 'NONE', ( #1361, #2795, #3154, #1902 ) ) ;
#2316 = LINE ( 'NONE', #988, #3225 ) ;
#2317 = ADVANCED_FACE ( 'NONE', ( #3070 ), #1968, .T. ) ;
#2318 = VERTEX_POINT ( 'NONE', #609 ) ;
#2319 = CARTESIAN_POINT ( 'NONE',  ( -0.8000000000000001554, 0.000000000000000000, -1.000000000000000000 ) ) ;
#2320 = AXIS2_PLACEMENT_3D ( 'NONE', #2206, #2024, #3082 ) ;
#2321 = CARTESIAN_POINT ( 'NONE',  ( 0.7199999999999998623, 0.3250000000000000666, -0.7200000000000000844 ) ) ;
#2322 = ORIENTED_EDGE ( 'NONE', *, *, #1719, .F. ) ;
#2323 = VECTOR ( 'NONE', #691, 1000.000000000000000 ) ;
#2324 = ORIENTED_EDGE ( 'NONE', *, *, #1769, .F. ) ;
#2325 = VECTOR ( 'NONE', #511, 1000.000000000000114 ) ;
#2326 =( NAMED_UNIT ( * ) PLANE_ANGLE_UNIT ( ) SI_UNIT ( $, .RADIAN. ) );
#2327 = CIRCLE ( 'NONE', #2550, 0.02499999999999995628 ) ;
#2328 = DIRECTION ( 'NONE',  ( -2.258754526011467242E-16, 0.000000000000000000, 1.000000000000000000 ) ) ;
#2329 = ORIENTED_EDGE ( 'NONE', *, *, #1213, .F. ) ;
#2330 = DIRECTION ( 'NONE',  ( -0.7071067811865507924, 0.000000000000000000, -0.7071067811865441310 ) ) ;
#2331 = EDGE_CURVE ( 'NONE', #2376, #940, #1716, .T. ) ;
#2332 = VECTOR ( 'NONE', #1348, 1000.000000000000000 ) ;
#2333 = DIRECTION ( 'NONE',  ( -0.000000000000000000, -0.000000000000000000, -1.000000000000000000 ) ) ;
#2334 = CARTESIAN_POINT ( 'NONE',  ( -0.5199999999999995737, 0.4899999999999999911, -0.7200000000000000844 ) ) ;
#2335 = EDGE_CURVE ( 'NONE', #135, #463, #817, .T. ) ;
#2336 = CIRCLE ( 'NONE', #459, 0.2000000000000000944 ) ;
#2337 = ORIENTED_EDGE ( 'NONE', *, *, #2452, .F. ) ;
#2338 = EDGE_CURVE ( 'NONE', #1710, #925, #357, .T. ) ;
#2339 = CARTESIAN_POINT ( 'NONE',  ( 0.000000000000000000, 0.000000000000000000, -0.3499999999999997558 ) ) ;
#2340 = CARTESIAN_POINT ( 'NONE',  ( 9.121893278123238972E-17, 0.5000000000000000000, 0.8750000000000002220 ) ) ;
#2341 = EDGE_LOOP ( 'NONE', ( #2500, #663, #3293, #3351, #796, #2524, #1507, #1861 ) ) ;
#2342 = VERTEX_POINT ( 'NONE', #2273 ) ;
#2343 = FILL_AREA_STYLE ('',( #3428 ) ) ;
#2344 = LINE ( 'NONE', #1546, #214 ) ;
#2345 = ORIENTED_EDGE ( 'NONE', *, *, #3023, .F. ) ;
#2346 = FACE_OUTER_BOUND ( 'NONE', #2724, .T. ) ;
#2347 = AXIS2_PLACEMENT_3D ( 'NONE', #2480, #1391, #2299 ) ;
#2348 = CARTESIAN_POINT ( 'NONE',  ( 0.6299999999999996714, 0.000000000000000000, 0.9300000000000003819 ) ) ;
#2349 = VECTOR ( 'NONE', #1797, 1000.000000000000000 ) ;
#2350 = DIRECTION ( 'NONE',  ( 2.258754526011468228E-16, 0.000000000000000000, 1.000000000000000000 ) ) ;
#2351 = DIRECTION ( 'NONE',  ( -1.000000000000000000, -0.000000000000000000, -0.000000000000000000 ) ) ;
#2352 = ORIENTED_EDGE ( 'NONE', *, *, #963, .T. ) ;
#2353 = EDGE_CURVE ( 'NONE', #479, #135, #669, .T. ) ;
#2354 = LINE ( 'NONE', #3438, #3266 ) ;
#2355 = ORIENTED_EDGE ( 'NONE', *, *, #436, .T. ) ;
#2356 = ORIENTED_EDGE ( 'NONE', *, *, #1589, .F. ) ;
#2357 =( LENGTH_UNIT ( ) NAMED_UNIT ( * ) SI_UNIT ( .MILLI., .METRE. ) );
#2358 = EDGE_CURVE ( 'NONE', #3489, #922, #3067, .T. ) ;
#2359 = CARTESIAN_POINT ( 'NONE',  ( -0.2500000000000000555, 0.9789693182963199458, 0.3500000000000001998 ) ) ;
#2360 = ORIENTED_EDGE ( 'NONE', *, *, #2788, .T. ) ;
#2361 = DIRECTION ( 'NONE',  ( 0.7071067811865502373, 0.000000000000000000, 0.7071067811865447972 ) ) ;
#2362 = FACE_OUTER_BOUND ( 'NONE', #1320, .T. ) ;
#2363 = LINE ( 'NONE', #1783, #644 ) ;
#2364 = CARTESIAN_POINT ( 'NONE',  ( -0.4599999999999996869, 0.4899999999999999911, -0.7200000000000000844 ) ) ;
#2365 = DIRECTION ( 'NONE',  ( -0.7071067811865507924, 0.000000000000000000, -0.7071067811865441310 ) ) ;
#2366 = EDGE_LOOP ( 'NONE', ( #393, #974, #935, #231 ) ) ;
#2367 = DIRECTION ( 'NONE',  ( 1.000000000000000000, 0.000000000000000000, 0.000000000000000000 ) ) ;
#2368 = ORIENTED_EDGE ( 'NONE', *, *, #1467, .F. ) ;
#2369 = EDGE_CURVE ( 'NONE', #3340, #693, #1171, .T. ) ;
#2370 = AXIS2_PLACEMENT_3D ( 'NONE', #965, #151, #1520 ) ;
#2371 = VERTEX_POINT ( 'NONE', #3292 ) ;
#2372 = ADVANCED_FACE ( 'NONE', ( #1988 ), #2007, .F. ) ;
#2373 = VECTOR ( 'NONE', #1967, 1000.000000000000000 ) ;
#2374 = ADVANCED_FACE ( 'NONE', ( #2270 ), #2431, .F. ) ;
#2375 = AXIS2_PLACEMENT_3D ( 'NONE', #1153, #125, #652 ) ;
#2376 = VERTEX_POINT ( 'NONE', #3356 ) ;
#2377 = LINE ( 'NONE', #2390, #775 ) ;
#2378 = DIRECTION ( 'NONE',  ( -1.000000000000000000, 0.000000000000000000, 0.000000000000000000 ) ) ;
#2379 = VECTOR ( 'NONE', #3341, 1000.000000000000000 ) ;
#2380 = LINE ( 'NONE', #1020, #2631 ) ;
#2381 = CIRCLE ( 'NONE', #836, 0.1000000000000002554 ) ;
#2382 = CARTESIAN_POINT ( 'NONE',  ( -0.2500000000000000000, 0.000000000000000000, 1.000000000000000000 ) ) ;
#2383 = VERTEX_POINT ( 'NONE', #1945 ) ;
#2384 = DIRECTION ( 'NONE',  ( 1.000000000000000000, 0.000000000000000000, 0.000000000000000000 ) ) ;
#2385 = EDGE_LOOP ( 'NONE', ( #430, #2580, #1071, #1853 ) ) ;
#2386 = VECTOR ( 'NONE', #692, 1000.000000000000000 ) ;
#2387 = EDGE_LOOP ( 'NONE', ( #698, #2337, #1150, #482 ) ) ;
#2388 = EDGE_CURVE ( 'NONE', #2074, #446, #1754, .T. ) ;
#2389 = ORIENTED_EDGE ( 'NONE', *, *, #678, .F. ) ;
#2390 = CARTESIAN_POINT ( 'NONE',  ( -0.7299999999999999822, 0.000000000000000000, -0.3499999999999999223 ) ) ;
#2391 = DIRECTION ( 'NONE',  ( 0.000000000000000000, -1.000000000000000000, 0.000000000000000000 ) ) ;
#2392 = EDGE_CURVE ( 'NONE', #2974, #1232, #354, .T. ) ;
#2393 = CARTESIAN_POINT ( 'NONE',  ( -0.2500000000000000555, 0.1275000000000000022, 0.3500000000000000888 ) ) ;
#2394 = CARTESIAN_POINT ( 'NONE',  ( 0.5200000000000000178, 0.4049999999999999711, -0.7200000000000000844 ) ) ;
#2395 = CIRCLE ( 'NONE', #1781, 0.02499999999999995628 ) ;
#2396 = ADVANCED_FACE ( 'NONE', ( #2211 ), #1494, .T. ) ;
#2397 = ORIENTED_EDGE ( 'NONE', *, *, #1019, .T. ) ;
#2398 = STYLED_ITEM ( 'NONE', ( #859 ), #153 ) ;
#2399 = LINE ( 'NONE', #2184, #2827 ) ;
#2400 = ORIENTED_EDGE ( 'NONE', *, *, #1262, .T. ) ;
#2401 = LINE ( 'NONE', #3490, #1013 ) ;
#2402 = ORIENTED_EDGE ( 'NONE', *, *, #293, .F. ) ;
#2403 = FACE_OUTER_BOUND ( 'NONE', #544, .T. ) ;
#2404 = DIRECTION ( 'NONE',  ( -0.000000000000000000, -1.000000000000000000, -0.000000000000000000 ) ) ;
#2405 = EDGE_CURVE ( 'NONE', #3327, #822, #118, .T. ) ;
#2406 = CARTESIAN_POINT ( 'NONE',  ( 9.121893278123238972E-17, 0.4749999999999999778, 0.8750000000000002220 ) ) ;
#2407 = CARTESIAN_POINT ( 'NONE',  ( -0.5199999999999999067, 0.4749999999999999778, 0.8750000000000003331 ) ) ;
#2408 = ORIENTED_EDGE ( 'NONE', *, *, #2735, .T. ) ;
#2409 = ADVANCED_FACE ( 'NONE', ( #1733 ), #337, .T. ) ;
#2410 = PLANE ( 'NONE',  #2193 ) ;
#2411 = CARTESIAN_POINT ( 'NONE',  ( -0.7300000000000002043, 0.1275000000000000022, 0.8300000000000001821 ) ) ;
#2412 = VECTOR ( 'NONE', #304, 1000.000000000000000 ) ;
#2413 = FACE_OUTER_BOUND ( 'NONE', #2366, .T. ) ;
#2414 = VERTEX_POINT ( 'NONE', #3331 ) ;
#2415 = AXIS2_PLACEMENT_3D ( 'NONE', #451, #996, #1808 ) ;
#2416 = CYLINDRICAL_SURFACE ( 'NONE', #210, 0.1000000000000002554 ) ;
#2417 = DIRECTION ( 'NONE',  ( 1.000000000000000000, 0.000000000000000000, 1.807003620809172610E-15 ) ) ;
#2418 = AXIS2_PLACEMENT_3D ( 'NONE', #2576, #3045, #2250 ) ;
#2419 = DIRECTION ( 'NONE',  ( 1.000000000000000000, 0.000000000000000000, 2.085004177856740055E-16 ) ) ;
#2420 = EDGE_CURVE ( 'NONE', #295, #2697, #2820, .T. ) ;
#2421 = FACE_OUTER_BOUND ( 'NONE', #1817, .T. ) ;
#2422 = CARTESIAN_POINT ( 'NONE',  ( 0.7300000000000000933, 0.000000000000000000, 0.000000000000000000 ) ) ;
#2423 = AXIS2_PLACEMENT_3D ( 'NONE', #2080, #716, #1804 ) ;
#2424 = ORIENTED_EDGE ( 'NONE', *, *, #1835, .T. ) ;
#2425 = TOROIDAL_SURFACE ( 'NONE', #3123, 0.2875000000000001998, 0.08749999999999982792 ) ;
#2426 = EDGE_CURVE ( 'NONE', #1383, #1447, #2553, .T. ) ;
#2427 = FACE_OUTER_BOUND ( 'NONE', #1935, .T. ) ;
#2428 = CIRCLE ( 'NONE', #2901, 0.05999999999999994227 ) ;
#2429 = ORIENTED_EDGE ( 'NONE', *, *, #1381, .F. ) ;
#2430 = ADVANCED_FACE ( 'NONE', ( #605 ), #3104, .T. ) ;
#2431 = TOROIDAL_SURFACE ( 'NONE', #2671, 0.2874999999999993672, 0.08749999999999917566 ) ;
#2432 = DIRECTION ( 'NONE',  ( 1.000000000000000000, 0.000000000000000000, 0.000000000000000000 ) ) ;
#2433 = ORIENTED_EDGE ( 'NONE', *, *, #797, .T. ) ;
#2434 = FACE_OUTER_BOUND ( 'NONE', #195, .T. ) ;
#2435 = CIRCLE ( 'NONE', #789, 0.1000000000000002554 ) ;
#2436 = EDGE_LOOP ( 'NONE', ( #92, #3265, #277, #212, #1922, #1847, #281 ) ) ;
#2437 = CARTESIAN_POINT ( 'NONE',  ( -0.7299999999999998712, 0.000000000000000000, -0.8300000000000000711 ) ) ;
#2438 = DIRECTION ( 'NONE',  ( -0.000000000000000000, 1.000000000000000000, -0.000000000000000000 ) ) ;
#2439 = DIRECTION ( 'NONE',  ( 0.000000000000000000, 1.000000000000000000, 0.000000000000000000 ) ) ;
#2440 = DIRECTION ( 'NONE',  ( -7.727038227397079834E-15, -3.863519113698554117E-15, 1.000000000000000000 ) ) ;
#2441 = FACE_OUTER_BOUND ( 'NONE', #2463, .T. ) ;
#2442 = DIRECTION ( 'NONE',  ( 0.000000000000000000, -1.235990476633477327E-13, 1.000000000000000000 ) ) ;
#2443 = ORIENTED_EDGE ( 'NONE', *, *, #213, .F. ) ;
#2444 = FACE_OUTER_BOUND ( 'NONE', #3086, .T. ) ;
#2445 = ORIENTED_EDGE ( 'NONE', *, *, #2809, .T. ) ;
#2446 = EDGE_CURVE ( 'NONE', #1779, #1773, #2557, .T. ) ;
#2447 = VERTEX_POINT ( 'NONE', #587 ) ;
#2448 = AXIS2_PLACEMENT_3D ( 'NONE', #439, #2650, #3470 ) ;
#2449 = CARTESIAN_POINT ( 'NONE',  ( 0.5200000000000000178, 3.280350850198277435, -0.7200000000000000844 ) ) ;
#2450 = ORIENTED_EDGE ( 'NONE', *, *, #1793, .F. ) ;
#2451 = FACE_OUTER_BOUND ( 'NONE', #2288, .T. ) ;
#2452 = EDGE_CURVE ( 'NONE', #599, #59, #1403, .T. ) ;
#2453 = ORIENTED_EDGE ( 'NONE', *, *, #2338, .T. ) ;
#2454 = CARTESIAN_POINT ( 'NONE',  ( -0.5199999999999995737, 0.5000000000000000000, -0.7200000000000000844 ) ) ;
#2455 = PLANE ( 'NONE',  #1062 ) ;
#2456 = FACE_OUTER_BOUND ( 'NONE', #645, .T. ) ;
#2457 = CYLINDRICAL_SURFACE ( 'NONE', #2577, 0.05999999999999994227 ) ;
#2458 = DIRECTION ( 'NONE',  ( 1.000000000000000000, 0.000000000000000000, 0.000000000000000000 ) ) ;
#2459 = MANIFOLD_SOLID_BREP ( 'Sweep1', #3478 ) ;
#2460 = EDGE_LOOP ( 'NONE', ( #569, #165, #416, #3507 ) ) ;
#2461 = DIRECTION ( 'NONE',  ( -1.000000000000000000, -0.000000000000000000, -2.085004177856740055E-16 ) ) ;
#2462 = CARTESIAN_POINT ( 'NONE',  ( 0.5199999999999999067, 0.4049999999999999711, 0.9000000000000003553 ) ) ;
#2463 = EDGE_LOOP ( 'NONE', ( #1742, #380, #2355, #991 ) ) ;
#2464 = PRESENTATION_LAYER_ASSIGNMENT (  '', '', ( #3324 ) ) ;
#2465 = EDGE_LOOP ( 'NONE', ( #2356, #888, #399, #740 ) ) ;
#2466 = DIRECTION ( 'NONE',  ( -0.7071067811865496822, 0.000000000000000000, -0.7071067811865453523 ) ) ;
#2467 = EDGE_CURVE ( 'NONE', #1232, #2113, #1275, .T. ) ;
#2468 = ORIENTED_EDGE ( 'NONE', *, *, #1019, .F. ) ;
#2469 = EDGE_CURVE ( 'NONE', #3516, #1919, #2492, .T. ) ;
#2470 = EDGE_LOOP ( 'NONE', ( #3140, #1837, #1734, #2501 ) ) ;
#2471 = CARTESIAN_POINT ( 'NONE',  ( 0.7300000000000000933, 0.000000000000000000, 0.8300000000000004041 ) ) ;
#2472 = PLANE ( 'NONE',  #1992 ) ;
#2473 = MANIFOLD_SOLID_BREP ( 'Boss-Extrude6[4]', #1309 ) ;
#2474 = CARTESIAN_POINT ( 'NONE',  ( 0.2499999999999999445, 0.9789693182963199458, 0.3500000000000002554 ) ) ;
#2475 = DIRECTION ( 'NONE',  ( 1.000000000000000000, 0.000000000000000000, 0.000000000000000000 ) ) ;
#2476 = SURFACE_STYLE_USAGE ( .BOTH. , #1410 ) ;
#2477 = DIRECTION ( 'NONE',  ( 0.000000000000000000, 1.000000000000000000, 0.000000000000000000 ) ) ;
#2478 = VECTOR ( 'NONE', #3378, 1000.000000000000000 ) ;
#2479 = ORIENTED_EDGE ( 'NONE', *, *, #1043, .F. ) ;
#2480 = CARTESIAN_POINT ( 'NONE',  ( 0.8000000000000001554, 0.1275000000000000022, 1.000000000000000222 ) ) ;
#2481 = AXIS2_PLACEMENT_3D ( 'NONE', #3088, #1408, #1717 ) ;
#2482 = LINE ( 'NONE', #88, #672 ) ;
#2483 = DIRECTION ( 'NONE',  ( -1.000000000000000000, -5.421010862427516254E-16, 1.084202172485503251E-15 ) ) ;
#2484 = VECTOR ( 'NONE', #253, 1000.000000000000000 ) ;
#2485 = SURFACE_STYLE_FILL_AREA ( #868 ) ;
#2486 = ORIENTED_EDGE ( 'NONE', *, *, #3360, .F. ) ;
#2487 = VECTOR ( 'NONE', #205, 1000.000000000000000 ) ;
#2488 = UNCERTAINTY_MEASURE_WITH_UNIT (LENGTH_MEASURE( 1.000000000000000082E-05 ), #2066, 'distance_accuracy_value', 'NONE');
#2489 = DIRECTION ( 'NONE',  ( 0.7071067811865442421, 0.000000000000000000, -0.7071067811865509034 ) ) ;
#2490 = VECTOR ( 'NONE', #811, 1000.000000000000000 ) ;
#2491 = ORIENTED_EDGE ( 'NONE', *, *, #1429, .F. ) ;
#2492 = LINE ( 'NONE', #995, #453 ) ;
#2493 = EDGE_LOOP ( 'NONE', ( #3497, #1958, #2450, #2212 ) ) ;
#2494 = PLANE ( 'NONE',  #545 ) ;
#2495 = DIRECTION ( 'NONE',  ( -1.000000000000000000, 0.000000000000000000, 0.000000000000000000 ) ) ;
#2496 = MANIFOLD_SOLID_BREP ( 'Boss-Extrude6[2]', #857 ) ;
#2497 = VECTOR ( 'NONE', #406, 1000.000000000000000 ) ;
#2498 = ADVANCED_FACE ( 'NONE', ( #485 ), #2658, .F. ) ;
#2499 = CARTESIAN_POINT ( 'NONE',  ( 0.8074999999999991074, 0.3249999999999997891, 0.7200000000000009726 ) ) ;
#2500 = ORIENTED_EDGE ( 'NONE', *, *, #1789, .T. ) ;
#2501 = ORIENTED_EDGE ( 'NONE', *, *, #1939, .T. ) ;
#2502 = CARTESIAN_POINT ( 'NONE',  ( 0.5200000000000000178, 0.2550000000000001710, -0.7199999999999998623 ) ) ;
#2503 = CARTESIAN_POINT ( 'NONE',  ( -0.7300000000000002043, 0.1275000000000000022, 0.8300000000000001821 ) ) ;
#2504 =( LENGTH_UNIT ( ) NAMED_UNIT ( * ) SI_UNIT ( .MILLI., .METRE. ) );
#2505 = ADVANCED_FACE ( 'NONE', ( #417 ), #718, .T. ) ;
#2506 = PLANE ( 'NONE',  #772 ) ;
#2507 = ORIENTED_EDGE ( 'NONE', *, *, #628, .T. ) ;
#2508 = VECTOR ( 'NONE', #43, 1000.000000000000000 ) ;
#2509 = DIRECTION ( 'NONE',  ( 0.000000000000000000, 1.000000000000000000, 0.000000000000000000 ) ) ;
#2510 = ORIENTED_EDGE ( 'NONE', *, *, #1191, .F. ) ;
#2511 = CARTESIAN_POINT ( 'NONE',  ( -0.7300000000000003153, 0.1275000000000000022, 0.8300000000000002931 ) ) ;
#2512 = ORIENTED_EDGE ( 'NONE', *, *, #1656, .T. ) ;
#2513 = CARTESIAN_POINT ( 'NONE',  ( 0.5199999999999996847, 0.4750000000000000888, -0.7199999999999998623 ) ) ;
#2514 = CARTESIAN_POINT ( 'NONE',  ( -0.5199999999999999067, 0.4750000000000010325, 0.7200000000000004174 ) ) ;
#2515 = CARTESIAN_POINT ( 'NONE',  ( 0.2500000000000001665, 0.9789693182963199458, -0.5500000000000003775 ) ) ;
#2516 = ORIENTED_EDGE ( 'NONE', *, *, #739, .T. ) ;
#2517 = DIRECTION ( 'NONE',  ( 1.000000000000000000, 0.000000000000000000, 0.000000000000000000 ) ) ;
#2518 = EDGE_CURVE ( 'NONE', #2929, #2610, #1763, .T. ) ;
#2519 = EDGE_CURVE ( 'NONE', #1919, #349, #1851, .T. ) ;
#2520 = DIRECTION ( 'NONE',  ( 1.000000000000000000, -7.403395523309271080E-15, -7.403395523308723611E-15 ) ) ;
#2521 = CARTESIAN_POINT ( 'NONE',  ( 0.6299999999999996714, 0.1275000000000000022, 0.9300000000000003819 ) ) ;
#2522 = DIRECTION ( 'NONE',  ( 0.000000000000000000, 0.000000000000000000, 1.000000000000000000 ) ) ;
#2523 = EDGE_CURVE ( 'NONE', #2891, #2554, #1323, .T. ) ;
#2524 = ORIENTED_EDGE ( 'NONE', *, *, #2469, .T. ) ;
#2525 = ADVANCED_FACE ( 'NONE', ( #3235 ), #1884, .F. ) ;
#2526 = SURFACE_STYLE_USAGE ( .BOTH. , #887 ) ;
#2527 = VERTEX_POINT ( 'NONE', #261 ) ;
#2528 = EDGE_LOOP ( 'NONE', ( #1199, #57, #1826, #2719 ) ) ;
#2529 = DIRECTION ( 'NONE',  ( 0.000000000000000000, 0.000000000000000000, 1.000000000000000000 ) ) ;
#2530 = ORIENTED_EDGE ( 'NONE', *, *, #464, .T. ) ;
#2531 = LINE ( 'NONE', #400, #2478 ) ;
#2532 = CARTESIAN_POINT ( 'NONE',  ( -0.2500000000000000555, 0.1275000000000000022, 0.3500000000000001998 ) ) ;
#2533 = DIRECTION ( 'NONE',  ( 1.000000000000000000, -0.000000000000000000, -0.000000000000000000 ) ) ;
#2534 = LINE ( 'NONE', #70, #1431 ) ;
#2535 = FACE_OUTER_BOUND ( 'NONE', #1790, .T. ) ;
#2536 = VECTOR ( 'NONE', #2286, 1000.000000000000000 ) ;
#2537 = CARTESIAN_POINT ( 'NONE',  ( -0.6999999999999997335, 0.000000000000000000, -0.9999999999999997780 ) ) ;
#2538 = ORIENTED_EDGE ( 'NONE', *, *, #436, .F. ) ;
#2539 = CARTESIAN_POINT ( 'NONE',  ( 0.6999999999999998446, 0.4750000000000010325, 0.7200000000000004174 ) ) ;
#2540 = DIRECTION ( 'NONE',  ( 7.529181753371559939E-17, 0.000000000000000000, -1.000000000000000000 ) ) ;
#2541 = CIRCLE ( 'NONE', #673, 0.02499999999999995628 ) ;
#2542 = ORIENTED_EDGE ( 'NONE', *, *, #1234, .T. ) ;
#2543 = VECTOR ( 'NONE', #1188, 1000.000000000000114 ) ;
#2544 = EDGE_CURVE ( 'NONE', #3238, #73, #3525, .T. ) ;
#2545 = VECTOR ( 'NONE', #1386, 1000.000000000000114 ) ;
#2546 = CARTESIAN_POINT ( 'NONE',  ( -0.7299999999999998712, 0.1275000000000000022, -0.8300000000000000711 ) ) ;
#2547 = CARTESIAN_POINT ( 'NONE',  ( -0.8074999999999994404, 0.3249999999999999001, 0.7200000000000005285 ) ) ;
#2548 = VERTEX_POINT ( 'NONE', #2721 ) ;
#2549 = ADVANCED_FACE ( 'NONE', ( #2675 ), #795, .T. ) ;
#2550 = AXIS2_PLACEMENT_3D ( 'NONE', #2407, #1629, #2442 ) ;
#2551 = CIRCLE ( 'NONE', #3124, 0.1999999999999999833 ) ;
#2552 = ORIENTED_EDGE ( 'NONE', *, *, #532, .F. ) ;
#2553 = LINE ( 'NONE', #121, #1349 ) ;
#2554 = VERTEX_POINT ( 'NONE', #1088 ) ;
#2555 = CARTESIAN_POINT ( 'NONE',  ( -0.6299999999999998934, 0.9789693182963199458, 0.9300000000000002709 ) ) ;
#2556 = EDGE_CURVE ( 'NONE', #909, #1753, #1362, .T. ) ;
#2557 = CIRCLE ( 'NONE', #1010, 0.05999999999999994227 ) ;
#2558 = DIRECTION ( 'NONE',  ( 0.000000000000000000, 1.000000000000000000, 0.000000000000000000 ) ) ;
#2559 = DIRECTION ( 'NONE',  ( -0.000000000000000000, -1.000000000000000000, -0.000000000000000000 ) ) ;
#2560 = FILL_AREA_STYLE ('',( #2824 ) ) ;
#2561 = EDGE_LOOP ( 'NONE', ( #91, #568, #355, #1130 ) ) ;
#2562 = MECHANICAL_DESIGN_GEOMETRIC_PRESENTATION_REPRESENTATION (  '', ( #1297 ), #2850 ) ;
#2563 = CARTESIAN_POINT ( 'NONE',  ( -0.5199999999999999067, 0.4049999999999999711, 0.7200000000000004174 ) ) ;
#2564 = AXIS2_PLACEMENT_3D ( 'NONE', #3107, #1760, #3338 ) ;
#2565 = LINE ( 'NONE', #3034, #468 ) ;
#2566 = LINE ( 'NONE', #1811, #1468 ) ;
#2567 = LINE ( 'NONE', #2364, #2101 ) ;
#2568 = VERTEX_POINT ( 'NONE', #1869 ) ;
#2569 = CARTESIAN_POINT ( 'NONE',  ( -0.8000000000000001554, 0.000000000000000000, 0.000000000000000000 ) ) ;
#2570 = DIRECTION ( 'NONE',  ( -0.000000000000000000, -0.000000000000000000, -1.000000000000000000 ) ) ;
#2571 = ORIENTED_EDGE ( 'NONE', *, *, #1032, .T. ) ;
#2572 = EDGE_CURVE ( 'NONE', #752, #1274, #1921, .T. ) ;
#2573 = ORIENTED_EDGE ( 'NONE', *, *, #657, .T. ) ;
#2574 = DIRECTION ( 'NONE',  ( -9.346570452461242826E-17, 0.000000000000000000, 1.000000000000000000 ) ) ;
#2575 = ORIENTED_EDGE ( 'NONE', *, *, #341, .T. ) ;
#2576 = CARTESIAN_POINT ( 'NONE',  ( 0.8000000000000001554, 0.000000000000000000, 1.000000000000000222 ) ) ;
#2577 = AXIS2_PLACEMENT_3D ( 'NONE', #25, #1097, #756 ) ;
#2578 = EDGE_CURVE ( 'NONE', #599, #325, #765, .T. ) ;
#2579 = DIRECTION ( 'NONE',  ( 0.000000000000000000, -1.000000000000000000, 0.000000000000000000 ) ) ;
#2580 = ORIENTED_EDGE ( 'NONE', *, *, #1254, .F. ) ;
#2581 = CARTESIAN_POINT ( 'NONE',  ( 0.7300000000000002043, 0.000000000000000000, -0.8299999999999999600 ) ) ;
#2582 = CARTESIAN_POINT ( 'NONE',  ( -0.5199999999999996847, 0.2549999999999997824, 0.7200000000000004174 ) ) ;
#2583 = VERTEX_POINT ( 'NONE', #1055 ) ;
#2584 = CARTESIAN_POINT ( 'NONE',  ( 0.5199999999999999067, 0.4750000000000010325, 0.9000000000000003553 ) ) ;
#2585 = VERTEX_POINT ( 'NONE', #2158 ) ;
#2586 = LINE ( 'NONE', #1537, #438 ) ;
#2587 = DIRECTION ( 'NONE',  ( -1.000000000000000000, 0.000000000000000000, 1.042502088928369904E-16 ) ) ;
#2588 = VERTEX_POINT ( 'NONE', #2971 ) ;
#2589 = MANIFOLD_SOLID_BREP ( 'Cut-Extrude1', #1026 ) ;
#2590 = DIRECTION ( 'NONE',  ( 0.000000000000000000, 1.000000000000000000, 0.000000000000000000 ) ) ;
#2591 = EDGE_CURVE ( 'NONE', #245, #2984, #1485, .T. ) ;
#2592 = ORIENTED_EDGE ( 'NONE', *, *, #220, .T. ) ;
#2593 = CARTESIAN_POINT ( 'NONE',  ( -0.5199999999999995737, 0.4899999999999999911, -0.7200000000000000844 ) ) ;
#2594 = FILL_AREA_STYLE_COLOUR ( '', #2751 ) ;
#2595 = EDGE_CURVE ( 'NONE', #3099, #59, #2401, .T. ) ;
#2596 = PLANE ( 'NONE',  #124 ) ;
#2597 = ORIENTED_EDGE ( 'NONE', *, *, #112, .T. ) ;
#2598 = FACE_OUTER_BOUND ( 'NONE', #1029, .T. ) ;
#2599 = EDGE_CURVE ( 'NONE', #1395, #1008, #1766, .T. ) ;
#2600 = DIRECTION ( 'NONE',  ( 0.000000000000000000, -1.000000000000000000, 0.000000000000000000 ) ) ;
#2601 = CARTESIAN_POINT ( 'NONE',  ( -0.2499999999999998890, 0.000000000000000000, -0.3500000000000000333 ) ) ;
#2602 = EDGE_LOOP ( 'NONE', ( #2911, #2491, #1810, #203 ) ) ;
#2603 = LINE ( 'NONE', #2569, #3502 ) ;
#2604 = VECTOR ( 'NONE', #1685, 1000.000000000000000 ) ;
#2605 = LINE ( 'NONE', #2639, #3165 ) ;
#2606 = EDGE_LOOP ( 'NONE', ( #3027, #1224, #2575, #1569, #2999, #2772, #668, #2778 ) ) ;
#2607 = MANIFOLD_SOLID_BREP ( 'Cut-Extrude2', #573 ) ;
#2608 = TOROIDAL_SURFACE ( 'NONE', #3268, 0.1550000000000000822, 0.02499999999999998404 ) ;
#2609 = DIRECTION ( 'NONE',  ( -1.000000000000000000, 0.000000000000000000, -3.388131789017201356E-16 ) ) ;
#2610 = VERTEX_POINT ( 'NONE', #1423 ) ;
#2611 =( NAMED_UNIT ( * ) SI_UNIT ( $, .STERADIAN. ) SOLID_ANGLE_UNIT ( ) );
#2612 = CIRCLE ( 'NONE', #2375, 0.1000000000000002554 ) ;
#2613 =( NAMED_UNIT ( * ) SI_UNIT ( $, .STERADIAN. ) SOLID_ANGLE_UNIT ( ) );
#2614 = VECTOR ( 'NONE', #2149, 1000.000000000000000 ) ;
#2615 = ORIENTED_EDGE ( 'NONE', *, *, #1438, .T. ) ;
#2616 = DIRECTION ( 'NONE',  ( -1.000000000000000000, 0.000000000000000000, 0.000000000000000000 ) ) ;
#2617 = VECTOR ( 'NONE', #2120, 1000.000000000000000 ) ;
#2618 = ADVANCED_FACE ( 'NONE', ( #1105 ), #2003, .F. ) ;
#2619 = DIRECTION ( 'NONE',  ( 0.000000000000000000, 0.000000000000000000, -1.000000000000000000 ) ) ;
#2620 = CARTESIAN_POINT ( 'NONE',  ( 0.7999999999999999334, 0.2550000000000000044, 0.8999999999999998002 ) ) ;
#2621 = VECTOR ( 'NONE', #42, 1000.000000000000000 ) ;
#2622 = ORIENTED_EDGE ( 'NONE', *, *, #885, .T. ) ;
#2623 = DIRECTION ( 'NONE',  ( -0.7071067811865502373, 0.000000000000000000, 0.7071067811865447972 ) ) ;
#2624 = EDGE_CURVE ( 'NONE', #654, #3404, #350, .T. ) ;
#2625 = DIRECTION ( 'NONE',  ( 0.000000000000000000, 1.000000000000000000, 0.000000000000000000 ) ) ;
#2626 = ORIENTED_EDGE ( 'NONE', *, *, #1341, .F. ) ;
#2627 = ORIENTED_EDGE ( 'NONE', *, *, #3110, .F. ) ;
#2628 = ORIENTED_EDGE ( 'NONE', *, *, #23, .T. ) ;
#2629 = CARTESIAN_POINT ( 'NONE',  ( 0.5199999999999999067, 0.4049999999999999711, 0.9200000000000000400 ) ) ;
#2630 = DIRECTION ( 'NONE',  ( 0.000000000000000000, 1.000000000000000000, 0.000000000000000000 ) ) ;
#2631 = VECTOR ( 'NONE', #2333, 1000.000000000000000 ) ;
#2632 = ADVANCED_FACE ( 'NONE', ( #2771 ), #2506, .T. ) ;
#2633 = EDGE_CURVE ( 'NONE', #812, #849, #1145, .T. ) ;
#2634 = CARTESIAN_POINT ( 'NONE',  ( 0.7000000000000000666, 0.000000000000000000, -0.9999999999999995559 ) ) ;
#2635 = DIRECTION ( 'NONE',  ( 0.7071067811865502373, 0.000000000000000000, 0.7071067811865449082 ) ) ;
#2636 = CARTESIAN_POINT ( 'NONE',  ( -0.6299999999999996714, 0.000000000000000000, -0.9300000000000002709 ) ) ;
#2637 = ORIENTED_EDGE ( 'NONE', *, *, #585, .F. ) ;
#2638 = ADVANCED_FACE ( 'NONE', ( #1124 ), #1465, .F. ) ;
#2639 = CARTESIAN_POINT ( 'NONE',  ( -0.2500000000000000555, 0.1275000000000000022, 0.3500000000000000888 ) ) ;
#2640 = ORIENTED_EDGE ( 'NONE', *, *, #18, .T. ) ;
#2641 = ORIENTED_EDGE ( 'NONE', *, *, #254, .F. ) ;
#2642 =( NAMED_UNIT ( * ) PLANE_ANGLE_UNIT ( ) SI_UNIT ( $, .RADIAN. ) );
#2643 =( NAMED_UNIT ( * ) PLANE_ANGLE_UNIT ( ) SI_UNIT ( $, .RADIAN. ) );
#2644 = DIRECTION ( 'NONE',  ( 0.000000000000000000, 0.000000000000000000, -1.000000000000000000 ) ) ;
#2645 = CARTESIAN_POINT ( 'NONE',  ( -0.6299999999999998934, 0.000000000000000000, 0.9300000000000002709 ) ) ;
#2646 = ORIENTED_EDGE ( 'NONE', *, *, #3353, .F. ) ;
#2647 = DIRECTION ( 'NONE',  ( 1.000000000000000000, 0.000000000000000000, 0.000000000000000000 ) ) ;
#2648 = CARTESIAN_POINT ( 'NONE',  ( 0.7300000000000000933, 0.000000000000000000, 0.3500000000000001998 ) ) ;
#2649 =( GEOMETRIC_REPRESENTATION_CONTEXT ( 3 ) GLOBAL_UNCERTAINTY_ASSIGNED_CONTEXT ( ( #34 ) ) GLOBAL_UNIT_ASSIGNED_CONTEXT ( ( #2357, #2326, #2613 ) ) REPRESENTATION_CONTEXT ( 'NONE', 'WORKASPACE' ) );
#2650 = DIRECTION ( 'NONE',  ( -1.000000000000000000, 0.000000000000000000, -9.346570452461242826E-17 ) ) ;
#2651 = CARTESIAN_POINT ( 'NONE',  ( 0.2500000000000001665, 0.1275000000000000022, -0.5500000000000003775 ) ) ;
#2652 = ORIENTED_EDGE ( 'NONE', *, *, #1983, .T. ) ;
#2653 = PLANE ( 'NONE',  #3047 ) ;
#2654 = ORIENTED_EDGE ( 'NONE', *, *, #2005, .F. ) ;
#2655 = EDGE_CURVE ( 'NONE', #2860, #1272, #931, .T. ) ;
#2656 = AXIS2_PLACEMENT_3D ( 'NONE', #3423, #2077, #134 ) ;
#2657 = ORIENTED_EDGE ( 'NONE', *, *, #2388, .F. ) ;
#2658 = PLANE ( 'NONE',  #2053 ) ;
#2659 = ADVANCED_FACE ( 'NONE', ( #666 ), #2225, .F. ) ;
#2660 = CIRCLE ( 'NONE', #1283, 0.1000000000000002554 ) ;
#2661 = LINE ( 'NONE', #1547, #2709 ) ;
#2662 = ADVANCED_FACE ( 'NONE', ( #1981 ), #31, .T. ) ;
#2663 = ORIENTED_EDGE ( 'NONE', *, *, #758, .F. ) ;
#2664 = CARTESIAN_POINT ( 'NONE',  ( -0.5799999999999995159, 0.4899999999999999911, -0.7200000000000000844 ) ) ;
#2665 = LINE ( 'NONE', #223, #2487 ) ;
#2666 = VECTOR ( 'NONE', #3367, 1000.000000000000000 ) ;
#2667 = LINE ( 'NONE', #1582, #1366 ) ;
#2668 = VECTOR ( 'NONE', #287, 1000.000000000000000 ) ;
#2669 = LINE ( 'NONE', #1045, #2948 ) ;
#2670 = ORIENTED_EDGE ( 'NONE', *, *, #278, .F. ) ;
#2671 = AXIS2_PLACEMENT_3D ( 'NONE', #1149, #2248, #1448 ) ;
#2672 = DIRECTION ( 'NONE',  ( -1.000000000000000000, 0.000000000000000000, 0.000000000000000000 ) ) ;
#2673 = ORIENTED_EDGE ( 'NONE', *, *, #2426, .T. ) ;
#2674 = AXIS2_PLACEMENT_3D ( 'NONE', #321, #537, #2966 ) ;
#2675 = FACE_OUTER_BOUND ( 'NONE', #14, .T. ) ;
#2676 = EDGE_CURVE ( 'NONE', #1363, #1900, #3038, .T. ) ;
#2677 = ORIENTED_EDGE ( 'NONE', *, *, #2828, .F. ) ;
#2678 = DIRECTION ( 'NONE',  ( 0.000000000000000000, -1.000000000000000000, 0.000000000000000000 ) ) ;
#2679 = FACE_OUTER_BOUND ( 'NONE', #2460, .T. ) ;
#2680 = CARTESIAN_POINT ( 'NONE',  ( -0.6299999999999998934, 0.1275000000000000022, 0.9300000000000002709 ) ) ;
#2681 = ADVANCED_FACE ( 'NONE', ( #1941 ), #3021, .F. ) ;
#2682 = CARTESIAN_POINT ( 'NONE',  ( 0.2499999999999998335, 0.1275000000000000022, 0.9300000000000003819 ) ) ;
#2683 = CIRCLE ( 'NONE', #1134, 0.1000000000000002554 ) ;
#2684 = ORIENTED_EDGE ( 'NONE', *, *, #1333, .T. ) ;
#2685 = CARTESIAN_POINT ( 'NONE',  ( -0.8000000000000001554, 0.000000000000000000, 0.8999999999999998002 ) ) ;
#2686 = DIRECTION ( 'NONE',  ( -0.7071067811865497932, 0.000000000000000000, 0.7071067811865453523 ) ) ;
#2687 = ORIENTED_EDGE ( 'NONE', *, *, #2452, .T. ) ;
#2688 = EDGE_CURVE ( 'NONE', #59, #68, #3408, .T. ) ;
#2689 = ORIENTED_EDGE ( 'NONE', *, *, #3482, .T. ) ;
#2690 = CARTESIAN_POINT ( 'NONE',  ( -0.7000000000000000666, 0.000000000000000000, 1.000000000000000000 ) ) ;
#2691 = DIRECTION ( 'NONE',  ( -0.7071067811865502373, 0.000000000000000000, -0.7071067811865447972 ) ) ;
#2692 = ADVANCED_FACE ( 'NONE', ( #427 ), #1787, .F. ) ;
#2693 = DIRECTION ( 'NONE',  ( 0.000000000000000000, 1.000000000000000000, 0.000000000000000000 ) ) ;
#2694 = CARTESIAN_POINT ( 'NONE',  ( -0.6299999999999998934, 0.1275000000000000022, 0.9300000000000002709 ) ) ;
#2695 = DIRECTION ( 'NONE',  ( 0.7071067811865502373, -0.000000000000000000, -0.7071067811865449082 ) ) ;
#2696 = EDGE_CURVE ( 'NONE', #980, #1799, #3121, .T. ) ;
#2697 = VERTEX_POINT ( 'NONE', #1223 ) ;
#2698 = LINE ( 'NONE', #256, #2200 ) ;
#2699 = LINE ( 'NONE', #1322, #99 ) ;
#2700 = DIRECTION ( 'NONE',  ( 0.000000000000000000, -1.000000000000000000, 0.000000000000000000 ) ) ;
#2701 = EDGE_LOOP ( 'NONE', ( #65, #594, #1270, #1549 ) ) ;
#2702 = AXIS2_PLACEMENT_3D ( 'NONE', #2547, #3371, #2264 ) ;
#2703 = PLANE ( 'NONE',  #1237 ) ;
#2704 = VERTEX_POINT ( 'NONE', #686 ) ;
#2705 = VECTOR ( 'NONE', #741, 1000.000000000000000 ) ;
#2706 = FACE_OUTER_BOUND ( 'NONE', #3004, .T. ) ;
#2707 = CARTESIAN_POINT ( 'NONE',  ( -0.5199999999999999067, 3.280350850198277435, 0.7200000000000004174 ) ) ;
#2708 = CIRCLE ( 'NONE', #3051, 0.1799999999999999378 ) ;
#2709 = VECTOR ( 'NONE', #1525, 1000.000000000000000 ) ;
#2710 = CARTESIAN_POINT ( 'NONE',  ( 0.8000000000000003775, 0.1275000000000000022, -0.9999999999999997780 ) ) ;
#2711 = DIRECTION ( 'NONE',  ( 0.000000000000000000, -1.000000000000000000, 0.000000000000000000 ) ) ;
#2712 = DIRECTION ( 'NONE',  ( -0.000000000000000000, 1.000000000000000000, -0.000000000000000000 ) ) ;
#2713 = EDGE_CURVE ( 'NONE', #1471, #245, #1007, .T. ) ;
#2714 = AXIS2_PLACEMENT_3D ( 'NONE', #1682, #1912, #344 ) ;
#2715 = ORIENTED_EDGE ( 'NONE', *, *, #1885, .F. ) ;
#2716 = VECTOR ( 'NONE', #2991, 1000.000000000000000 ) ;
#2717 = LINE ( 'NONE', #1849, #825 ) ;
#2718 = AXIS2_PLACEMENT_3D ( 'NONE', #1606, #2700, #1639 ) ;
#2719 = ORIENTED_EDGE ( 'NONE', *, *, #1319, .F. ) ;
#2720 = EDGE_CURVE ( 'NONE', #1143, #397, #3389, .T. ) ;
#2721 = CARTESIAN_POINT ( 'NONE',  ( -0.6999999999999997335, 0.000000000000000000, -1.000000000000000000 ) ) ;
#2722 = EDGE_LOOP ( 'NONE', ( #648, #1898, #2038, #2130, #3202, #3479 ) ) ;
#2723 = VECTOR ( 'NONE', #1217, 1000.000000000000000 ) ;
#2724 = EDGE_LOOP ( 'NONE', ( #2050, #1794, #297, #1373, #3083, #2141, #581, #800 ) ) ;
#2725 = CARTESIAN_POINT ( 'NONE',  ( -0.2499999999999998890, 0.000000000000000000, -0.9300000000000002709 ) ) ;
#2726 = DIRECTION ( 'NONE',  ( -1.000000000000000000, 0.000000000000000000, 0.000000000000000000 ) ) ;
#2727 = CYLINDRICAL_SURFACE ( 'NONE', #3071, 0.1999999999999999833 ) ;
#2728 = CARTESIAN_POINT ( 'NONE',  ( -0.5199999999999999067, 3.280350850198277435, -0.7200000000000000844 ) ) ;
#2729 = CARTESIAN_POINT ( 'NONE',  ( -0.5199999999999999067, 0.4049999999999999711, 0.7200000000000004174 ) ) ;
#2730 = ORIENTED_EDGE ( 'NONE', *, *, #2261, .T. ) ;
#2731 = ADVANCED_FACE ( 'NONE', ( #2304 ), #946, .F. ) ;
#2732 = CARTESIAN_POINT ( 'NONE',  ( 0.4500000000000001776, 0.1275000000000000022, -0.3500000000000003109 ) ) ;
#2733 =( GEOMETRIC_REPRESENTATION_CONTEXT ( 3 ) GLOBAL_UNCERTAINTY_ASSIGNED_CONTEXT ( ( #1126 ) ) GLOBAL_UNIT_ASSIGNED_CONTEXT ( ( #2762, #2785, #636 ) ) REPRESENTATION_CONTEXT ( 'NONE', 'WORKASPACE' ) );
#2734 = ORIENTED_EDGE ( 'NONE', *, *, #2139, .T. ) ;
#2735 = EDGE_CURVE ( 'NONE', #255, #812, #714, .T. ) ;
#2736 = ORIENTED_EDGE ( 'NONE', *, *, #2735, .F. ) ;
#2737 =( NAMED_UNIT ( * ) PLANE_ANGLE_UNIT ( ) SI_UNIT ( $, .RADIAN. ) );
#2738 = EDGE_LOOP ( 'NONE', ( #1476, #309, #2269, #1785, #717, #2043 ) ) ;
#2739 = EDGE_CURVE ( 'NONE', #229, #3006, #2042, .T. ) ;
#2740 = VERTEX_POINT ( 'NONE', #412 ) ;
#2741 = DIRECTION ( 'NONE',  ( -1.000000000000000000, 0.000000000000000000, -2.258754526011467242E-16 ) ) ;
#2742 = CARTESIAN_POINT ( 'NONE',  ( -0.5200000000000000178, 0.4049999999999999711, 0.9000000000000003553 ) ) ;
#2743 = FACE_OUTER_BOUND ( 'NONE', #3105, .T. ) ;
#2744 = CARTESIAN_POINT ( 'NONE',  ( 0.5200000000000000178, 0.4750000000000010325, -0.9000000000000002442 ) ) ;
#2745 = DIRECTION ( 'NONE',  ( 0.000000000000000000, 1.000000000000000000, -0.000000000000000000 ) ) ;
#2746 = VERTEX_POINT ( 'NONE', #701 ) ;
#2747 = LINE ( 'NONE', #2222, #1561 ) ;
#2748 = FACE_OUTER_BOUND ( 'NONE', #472, .T. ) ;
#2749 = LINE ( 'NONE', #1393, #615 ) ;
#2750 = ORIENTED_EDGE ( 'NONE', *, *, #2446, .F. ) ;
#2751 = COLOUR_RGB ( '',0.9686274509803921573, 0.8784313725490195957, 0.5999999999999999778 ) ;
#2752 = EDGE_LOOP ( 'NONE', ( #322, #1078, #2013, #1190 ) ) ;
#2753 = ADVANCED_FACE ( 'NONE', ( #168 ), #392, .F. ) ;
#2754 = FACE_OUTER_BOUND ( 'NONE', #1085, .T. ) ;
#2755 = DIRECTION ( 'NONE',  ( 0.000000000000000000, 1.000000000000000000, 0.000000000000000000 ) ) ;
#2756 = ORIENTED_EDGE ( 'NONE', *, *, #3137, .T. ) ;
#2757 = DIRECTION ( 'NONE',  ( -0.000000000000000000, -1.000000000000000000, -0.000000000000000000 ) ) ;
#2758 = CARTESIAN_POINT ( 'NONE',  ( 0.000000000000000000, 0.2500000000000000000, -1.000000000000000000 ) ) ;
#2759 = EDGE_CURVE ( 'NONE', #577, #3099, #2605, .T. ) ;
#2760 = AXIS2_PLACEMENT_3D ( 'NONE', #619, #1726, #866 ) ;
#2761 = DIRECTION ( 'NONE',  ( 0.000000000000000000, -1.000000000000000000, 0.000000000000000000 ) ) ;
#2762 =( LENGTH_UNIT ( ) NAMED_UNIT ( * ) SI_UNIT ( .MILLI., .METRE. ) );
#2763 = CARTESIAN_POINT ( 'NONE',  ( 0.5199999999999996847, 0.3250000000000000666, 0.7200000000000004174 ) ) ;
#2764 = AXIS2_PLACEMENT_3D ( 'NONE', #2454, #2757, #1905 ) ;
#2765 = CARTESIAN_POINT ( 'NONE',  ( -0.6750000000000000444, 0.4749999999999999778, -0.7200000000000000844 ) ) ;
#2766 = DIRECTION ( 'NONE',  ( -1.000000000000000000, 0.000000000000000000, 6.994852725712928270E-16 ) ) ;
#2767 = VECTOR ( 'NONE', #3204, 1000.000000000000000 ) ;
#2768 = DIRECTION ( 'NONE',  ( 1.000000000000000000, 0.000000000000000000, 0.000000000000000000 ) ) ;
#2769 = DIRECTION ( 'NONE',  ( 2.258754526011467242E-16, 0.000000000000000000, -1.000000000000000000 ) ) ;
#2770 = MECHANICAL_DESIGN_GEOMETRIC_PRESENTATION_REPRESENTATION (  '', ( #681 ), #1402 ) ;
#2771 = FACE_OUTER_BOUND ( 'NONE', #528, .T. ) ;
#2772 = ORIENTED_EDGE ( 'NONE', *, *, #870, .T. ) ;
#2773 = AXIS2_PLACEMENT_3D ( 'NONE', #2707, #2146, #802 ) ;
#2774 = UNCERTAINTY_MEASURE_WITH_UNIT (LENGTH_MEASURE( 1.000000000000000082E-05 ), #1839, 'distance_accuracy_value', 'NONE');
#2775 = DIRECTION ( 'NONE',  ( 0.000000000000000000, -1.000000000000000000, 0.000000000000000000 ) ) ;
#2776 = AXIS2_PLACEMENT_3D ( 'NONE', #934, #1470, #630 ) ;
#2777 = EDGE_CURVE ( 'NONE', #1008, #822, #183, .T. ) ;
#2778 = ORIENTED_EDGE ( 'NONE', *, *, #2962, .T. ) ;
#2779 = CARTESIAN_POINT ( 'NONE',  ( -0.2500000000000000555, 0.9789693182963199458, 0.3500000000000000888 ) ) ;
#2780 = ORIENTED_EDGE ( 'NONE', *, *, #1656, .F. ) ;
#2781 = DIRECTION ( 'NONE',  ( 1.000000000000000000, 0.000000000000000000, 0.000000000000000000 ) ) ;
#2782 = DIRECTION ( 'NONE',  ( -0.7071067811865472397, 0.000000000000000000, -0.7071067811865479058 ) ) ;
#2783 = EDGE_CURVE ( 'NONE', #2740, #2583, #1260, .T. ) ;
#2784 = CARTESIAN_POINT ( 'NONE',  ( -0.5199999999999996847, 0.3250000000000000666, 0.7200000000000004174 ) ) ;
#2785 =( NAMED_UNIT ( * ) PLANE_ANGLE_UNIT ( ) SI_UNIT ( $, .RADIAN. ) );
#2786 = ORIENTED_EDGE ( 'NONE', *, *, #764, .T. ) ;
#2787 = PLANE ( 'NONE',  #2714 ) ;
#2788 = EDGE_CURVE ( 'NONE', #3489, #1951, #2883, .T. ) ;
#2789 = DIRECTION ( 'NONE',  ( -0.000000000000000000, 1.000000000000000000, -0.000000000000000000 ) ) ;
#2790 = CARTESIAN_POINT ( 'NONE',  ( 0.5199999999999999067, 0.4749999999999999223, 0.7200000000000003064 ) ) ;
#2791 = DIRECTION ( 'NONE',  ( 4.627122202067982825E-16, -1.000000000000000000, 4.627122202067974937E-16 ) ) ;
#2792 = CYLINDRICAL_SURFACE ( 'NONE', #3456, 0.02499999999999995628 ) ;
#2793 = ORIENTED_EDGE ( 'NONE', *, *, #2358, .F. ) ;
#2794 = DIRECTION ( 'NONE',  ( -1.000000000000000000, 0.000000000000000000, -2.258754526011467242E-16 ) ) ;
#2795 = ORIENTED_EDGE ( 'NONE', *, *, #1278, .F. ) ;
#2796 = VECTOR ( 'NONE', #3112, 1000.000000000000000 ) ;
#2797 = CARTESIAN_POINT ( 'NONE',  ( 0.7300000000000002043, 0.1275000000000000022, 0.8300000000000005151 ) ) ;
#2798 = CIRCLE ( 'NONE', #3247, 0.1550000000000000822 ) ;
#2799 = ORIENTED_EDGE ( 'NONE', *, *, #69, .T. ) ;
#2800 = DIRECTION ( 'NONE',  ( 0.7071067811865507924, 0.000000000000000000, -0.7071067811865441310 ) ) ;
#2801 = ORIENTED_EDGE ( 'NONE', *, *, #180, .F. ) ;
#2802 = CARTESIAN_POINT ( 'NONE',  ( -0.7300000000000002043, 0.9789693182963199458, 0.8300000000000001821 ) ) ;
#2803 = CARTESIAN_POINT ( 'NONE',  ( -0.7200000000000000844, 0.4049999999999999711, -0.7199999999999999734 ) ) ;
#2804 = PRODUCT_RELATED_PRODUCT_CATEGORY ( 'part', '', ( #563 ) ) ;
#2805 = LINE ( 'NONE', #674, #1997 ) ;
#2806 = PRESENTATION_STYLE_ASSIGNMENT (( #64 ) ) ;
#2807 = ORIENTED_EDGE ( 'NONE', *, *, #2095, .T. ) ;
#2808 = DIRECTION ( 'NONE',  ( -1.129377263005733868E-16, 0.000000000000000000, -1.000000000000000000 ) ) ;
#2809 = EDGE_CURVE ( 'NONE', #1961, #2585, #990, .T. ) ;
#2810 = EDGE_CURVE ( 'NONE', #2376, #372, #2354, .T. ) ;
#2811 = DIRECTION ( 'NONE',  ( 1.000000000000000000, 0.000000000000000000, 0.000000000000000000 ) ) ;
#2812 = VERTEX_POINT ( 'NONE', #1559 ) ;
#2813 = LINE ( 'NONE', #2539, #434 ) ;
#2814 = LINE ( 'NONE', #1686, #2666 ) ;
#2815 = LINE ( 'NONE', #1484, #104 ) ;
#2816 = ORIENTED_EDGE ( 'NONE', *, *, #1072, .F. ) ;
#2817 = DIRECTION ( 'NONE',  ( 1.000000000000000000, 0.000000000000000000, -6.505213034913010038E-15 ) ) ;
#2818 = ORIENTED_EDGE ( 'NONE', *, *, #1689, .T. ) ;
#2819 = ORIENTED_EDGE ( 'NONE', *, *, #1719, .T. ) ;
#2820 = LINE ( 'NONE', #2230, #1115 ) ;
#2821 = ORIENTED_EDGE ( 'NONE', *, *, #843, .F. ) ;
#2822 = CARTESIAN_POINT ( 'NONE',  ( 0.6299999999999998934, 0.1275000000000000022, -0.9299999999999999378 ) ) ;
#2823 = DIRECTION ( 'NONE',  ( 1.426581805901980621E-16, 0.000000000000000000, 1.000000000000000000 ) ) ;
#2824 = FILL_AREA_STYLE_COLOUR ( '', #414 ) ;
#2825 = ORIENTED_EDGE ( 'NONE', *, *, #1608, .F. ) ;
#2826 = CARTESIAN_POINT ( 'NONE',  ( 0.7999999999999999334, 0.2550000000000000044, -1.000000000000000000 ) ) ;
#2827 = VECTOR ( 'NONE', #748, 1000.000000000000000 ) ;
#2828 = EDGE_CURVE ( 'NONE', #2113, #3382, #197, .T. ) ;
#2829 = CARTESIAN_POINT ( 'NONE',  ( -0.5199999999999999067, 0.5000000000000000000, -0.7200000000000004174 ) ) ;
#2830 = VERTEX_POINT ( 'NONE', #2109 ) ;
#2831 = DIRECTION ( 'NONE',  ( -0.7071067811865473507, -0.000000000000000000, -0.7071067811865477948 ) ) ;
#2832 = LINE ( 'NONE', #386, #1815 ) ;
#2833 = CARTESIAN_POINT ( 'NONE',  ( -0.5199999999999997957, 0.4049999999999999711, 0.9200000000000000400 ) ) ;
#2834 = VECTOR ( 'NONE', #2831, 1000.000000000000000 ) ;
#2835 = ORIENTED_EDGE ( 'NONE', *, *, #3234, .F. ) ;
#2836 = CIRCLE ( 'NONE', #3511, 0.08749999999999946709 ) ;
#2837 = CARTESIAN_POINT ( 'NONE',  ( -0.2500000000000000555, 0.1275000000000000022, 0.3500000000000001998 ) ) ;
#2838 = CARTESIAN_POINT ( 'NONE',  ( -0.7550000000000000044, 0.2550000000000000044, -0.7200000000000000844 ) ) ;
#2839 = ORIENTED_EDGE ( 'NONE', *, *, #536, .F. ) ;
#2840 = EDGE_CURVE ( 'NONE', #2151, #2874, #1750, .T. ) ;
#2841 = VECTOR ( 'NONE', #1611, 1000.000000000000000 ) ;
#2842 = ORIENTED_EDGE ( 'NONE', *, *, #3282, .F. ) ;
#2843 = CARTESIAN_POINT ( 'NONE',  ( -0.6299999999999996714, 0.9789693182963199458, -0.9300000000000002709 ) ) ;
#2844 = EDGE_LOOP ( 'NONE', ( #467, #2429, #2028, #3390 ) ) ;
#2845 = CARTESIAN_POINT ( 'NONE',  ( 0.7300000000000002043, 0.1275000000000000022, -0.9999999999999997780 ) ) ;
#2846 = AXIS2_PLACEMENT_3D ( 'NONE', #2027, #3085, #2800 ) ;
#2847 = CARTESIAN_POINT ( 'NONE',  ( 0.8000000000000000444, 0.1275000000000000022, 0.9000000000000000222 ) ) ;
#2848 = DIRECTION ( 'NONE',  ( 0.000000000000000000, 1.000000000000000000, -0.000000000000000000 ) ) ;
#2849 = ORIENTED_EDGE ( 'NONE', *, *, #2311, .T. ) ;
#2850 =( GEOMETRIC_REPRESENTATION_CONTEXT ( 3 ) GLOBAL_UNCERTAINTY_ASSIGNED_CONTEXT ( ( #3309 ) ) GLOBAL_UNIT_ASSIGNED_CONTEXT ( ( #1901, #1294, #2958 ) ) REPRESENTATION_CONTEXT ( 'NONE', 'WORKASPACE' ) );
#2851 = FACE_OUTER_BOUND ( 'NONE', #1491, .T. ) ;
#2852 = VECTOR ( 'NONE', #877, 1000.000000000000000 ) ;
#2853 = DIRECTION ( 'NONE',  ( -0.7071067811865491270, 0.000000000000000000, -0.7071067811865459074 ) ) ;
#2854 = ORIENTED_EDGE ( 'NONE', *, *, #2311, .F. ) ;
#2855 = CARTESIAN_POINT ( 'NONE',  ( 0.6999999999999996225, 0.2550000000000000044, 1.000000000000000000 ) ) ;
#2856 = ORIENTED_EDGE ( 'NONE', *, *, #1993, .F. ) ;
#2857 = EDGE_CURVE ( 'NONE', #517, #372, #1207, .T. ) ;
#2858 = CARTESIAN_POINT ( 'NONE',  ( -0.2499999999999998335, 0.1275000000000000022, -0.3500000000000000333 ) ) ;
#2859 = DIRECTION ( 'NONE',  ( 0.7071067811865507924, 0.000000000000000000, -0.7071067811865441310 ) ) ;
#2860 = VERTEX_POINT ( 'NONE', #2970 ) ;
#2861 = EDGE_CURVE ( 'NONE', #4, #2527, #1571, .T. ) ;
#2862 = VERTEX_POINT ( 'NONE', #1899 ) ;
#2863 = SURFACE_STYLE_FILL_AREA ( #1807 ) ;
#2864 = CLOSED_SHELL ( 'NONE', ( #86, #975, #1316, #3499, #1805, #2659, #3459, #3477, #296 ) ) ;
#2865 = ADVANCED_FACE ( 'NONE', ( #497 ), #1864, .F. ) ;
#2866 = LINE ( 'NONE', #1511, #2279 ) ;
#2867 = ORIENTED_EDGE ( 'NONE', *, *, #1835, .F. ) ;
#2868 = CARTESIAN_POINT ( 'NONE',  ( -0.6999999999999999556, 3.280350850198277435, -0.7200000000000000844 ) ) ;
#2869 = PLANE ( 'NONE',  #348 ) ;
#2870 = DIRECTION ( 'NONE',  ( 1.000000000000000000, 0.000000000000000000, 2.258754526011490415E-16 ) ) ;
#2871 = ORIENTED_EDGE ( 'NONE', *, *, #2063, .F. ) ;
#2872 = PLANE ( 'NONE',  #1119 ) ;
#2873 = CARTESIAN_POINT ( 'NONE',  ( -0.5199999999999995737, 0.4899999999999999911, -0.7200000000000000844 ) ) ;
#2874 = VERTEX_POINT ( 'NONE', #1358 ) ;
#2875 = VERTEX_POINT ( 'NONE', #1307 ) ;
#2876 = ADVANCED_FACE ( 'NONE', ( #211 ), #2653, .F. ) ;
#2877 = CARTESIAN_POINT ( 'NONE',  ( -0.7300000000000002043, 0.9789693182963199458, 0.8300000000000002931 ) ) ;
#2878 = ORIENTED_EDGE ( 'NONE', *, *, #218, .T. ) ;
#2879 = CARTESIAN_POINT ( 'NONE',  ( 0.2500000000000001665, 0.000000000000000000, -0.9300000000000001599 ) ) ;
#2880 = ADVANCED_FACE ( 'NONE', ( #516 ), #2410, .F. ) ;
#2881 = DIRECTION ( 'NONE',  ( 0.000000000000000000, -1.000000000000000000, 0.000000000000000000 ) ) ;
#2882 = DIRECTION ( 'NONE',  ( 1.000000000000000000, 4.627122202067982825E-16, -1.343316097518382447E-32 ) ) ;
#2883 = CIRCLE ( 'NONE', #2656, 0.02499999999999995628 ) ;
#2884 = ORIENTED_EDGE ( 'NONE', *, *, #656, .T. ) ;
#2885 = DIRECTION ( 'NONE',  ( -7.529181753371557474E-17, -0.000000000000000000, -1.000000000000000000 ) ) ;
#2886 = VECTOR ( 'NONE', #508, 1000.000000000000000 ) ;
#2887 = DIRECTION ( 'NONE',  ( -7.529181753371557474E-17, -0.000000000000000000, -1.000000000000000000 ) ) ;
#2888 = ORIENTED_EDGE ( 'NONE', *, *, #1608, .T. ) ;
#2889 = VECTOR ( 'NONE', #2365, 1000.000000000000114 ) ;
#2890 = LINE ( 'NONE', #1541, #2097 ) ;
#2891 = VERTEX_POINT ( 'NONE', #2685 ) ;
#2892 = SURFACE_SIDE_STYLE ('',( #2863 ) ) ;
#2893 = AXIS2_PLACEMENT_3D ( 'NONE', #154, #1225, #3411 ) ;
#2894 = DIRECTION ( 'NONE',  ( 0.000000000000000000, 1.000000000000000000, 0.000000000000000000 ) ) ;
#2895 = FACE_OUTER_BOUND ( 'NONE', #507, .T. ) ;
#2896 = EDGE_CURVE ( 'NONE', #2830, #2704, #2983, .T. ) ;
#2897 = COLOUR_RGB ( '',0.9686274509803921573, 0.8784313725490195957, 0.5999999999999999778 ) ;
#2898 = VERTEX_POINT ( 'NONE', #2924 ) ;
#2899 = DIRECTION ( 'NONE',  ( 0.000000000000000000, 0.000000000000000000, 1.000000000000000000 ) ) ;
#2900 = CARTESIAN_POINT ( 'NONE',  ( -0.2500000000000000000, 0.9789693182963199458, -0.3500000000000000333 ) ) ;
#2901 = AXIS2_PLACEMENT_3D ( 'NONE', #1200, #1795, #1253 ) ;
#2902 = ADVANCED_FACE ( 'NONE', ( #2444 ), #3232, .F. ) ;
#2903 = VECTOR ( 'NONE', #3376, 1000.000000000000000 ) ;
#2904 = CARTESIAN_POINT ( 'NONE',  ( -0.8000000000000001554, 0.2550000000000000044, 1.000000000000000000 ) ) ;
#2905 = DIRECTION ( 'NONE',  ( -0.7071067811865449082, 0.000000000000000000, 0.7071067811865502373 ) ) ;
#2906 = EDGE_CURVE ( 'NONE', #1038, #2860, #2699, .T. ) ;
#2907 = AXIS2_PLACEMENT_3D ( 'NONE', #2710, #574, #858 ) ;
#2908 = VERTEX_POINT ( 'NONE', #1603 ) ;
#2909 = DIRECTION ( 'NONE',  ( -0.000000000000000000, 0.000000000000000000, 1.000000000000000000 ) ) ;
#2910 = ORIENTED_EDGE ( 'NONE', *, *, #3251, .F. ) ;
#2911 = ORIENTED_EDGE ( 'NONE', *, *, #1216, .F. ) ;
#2912 = DIRECTION ( 'NONE',  ( -0.000000000000000000, -0.000000000000000000, -1.000000000000000000 ) ) ;
#2913 = PLANE ( 'NONE',  #3055 ) ;
#2914 = CARTESIAN_POINT ( 'NONE',  ( -0.6999999999999998446, 0.2500000000000000000, -1.000000000000000000 ) ) ;
#2915 = ORIENTED_EDGE ( 'NONE', *, *, #540, .F. ) ;
#2916 = DIRECTION ( 'NONE',  ( 1.000000000000000000, 0.000000000000000000, -2.258754526011468228E-16 ) ) ;
#2917 = LINE ( 'NONE', #267, #962 ) ;
#2918 = AXIS2_PLACEMENT_3D ( 'NONE', #2502, #1955, #1439 ) ;
#2919 = CARTESIAN_POINT ( 'NONE',  ( -0.5199999999999999067, 0.4750000000000010325, 0.9000000000000003553 ) ) ;
#2920 = DIRECTION ( 'NONE',  ( 1.000000000000000000, 0.000000000000000000, 0.000000000000000000 ) ) ;
#2921 = ADVANCED_FACE ( 'NONE', ( #243 ), #3498, .F. ) ;
#2922 = ORIENTED_EDGE ( 'NONE', *, *, #774, .T. ) ;
#2923 = EDGE_CURVE ( 'NONE', #1522, #2746, #1836, .T. ) ;
#2924 = CARTESIAN_POINT ( 'NONE',  ( -0.4599999999999996869, 0.4899999999999999911, -0.7200000000000000844 ) ) ;
#2925 = ORIENTED_EDGE ( 'NONE', *, *, #2624, .T. ) ;
#2926 = ADVANCED_FACE ( 'NONE', ( #2427 ), #3521, .F. ) ;
#2927 = EDGE_LOOP ( 'NONE', ( #2622, #1518, #2107, #1118 ) ) ;
#2928 = PRODUCT_CONTEXT ( 'NONE', #3519, 'mechanical' ) ;
#2929 = VERTEX_POINT ( 'NONE', #1636 ) ;
#2930 = PLANE ( 'NONE',  #1631 ) ;
#2931 = DIRECTION ( 'NONE',  ( 0.000000000000000000, 1.000000000000000000, 0.000000000000000000 ) ) ;
#2932 = FACE_OUTER_BOUND ( 'NONE', #2436, .T. ) ;
#2933 = PLANE ( 'NONE',  #1027 ) ;
#2934 = FACE_OUTER_BOUND ( 'NONE', #1620, .T. ) ;
#2935 = ORIENTED_EDGE ( 'NONE', *, *, #141, .F. ) ;
#2936 = EDGE_CURVE ( 'NONE', #3222, #3313, #2717, .T. ) ;
#2937 = CARTESIAN_POINT ( 'NONE',  ( 0.8074999999999993294, 0.3249999999999999001, -0.7200000000000000844 ) ) ;
#2938 = EDGE_LOOP ( 'NONE', ( #872, #2190, #2368, #1087, #2205, #667, #3230, #1890, #2284, #1221, #1265, #3363, #1655, #2538, #2022, #172, #1946, #750, #3041, #2008, #842, #1279, #2091, #2816, #2821, #2670, #2296, #279, #2910 ) ) ;
#2939 = DIRECTION ( 'NONE',  ( 0.7071067811865496822, 0.000000000000000000, -0.7071067811865453523 ) ) ;
#2940 = EDGE_CURVE ( 'NONE', #245, #629, #3111, .T. ) ;
#2941 = AXIS2_PLACEMENT_3D ( 'NONE', #2213, #3294, #801 ) ;
#2942 = FACE_OUTER_BOUND ( 'NONE', #16, .T. ) ;
#2943 = VECTOR ( 'NONE', #1298, 1000.000000000000000 ) ;
#2944 = ORIENTED_EDGE ( 'NONE', *, *, #1273, .F. ) ;
#2945 = CARTESIAN_POINT ( 'NONE',  ( 0.4500000000000003997, 0.9789693182963199458, -0.3499999999999999778 ) ) ;
#2946 = CARTESIAN_POINT ( 'NONE',  ( 0.6999999999999997335, 0.1275000000000000022, -0.9999999999999995559 ) ) ;
#2947 = VECTOR ( 'NONE', #2160, 1000.000000000000000 ) ;
#2948 = VECTOR ( 'NONE', #2712, 1000.000000000000000 ) ;
#2949 = PLANE ( 'NONE',  #3018 ) ;
#2950 = AXIS2_PLACEMENT_3D ( 'NONE', #405, #1551, #2330 ) ;
#2951 = DIRECTION ( 'NONE',  ( 0.000000000000000000, 0.000000000000000000, 1.000000000000000000 ) ) ;
#2952 = ORIENTED_EDGE ( 'NONE', *, *, #368, .F. ) ;
#2953 =( GEOMETRIC_REPRESENTATION_CONTEXT ( 3 ) GLOBAL_UNCERTAINTY_ASSIGNED_CONTEXT ( ( #2488 ) ) GLOBAL_UNIT_ASSIGNED_CONTEXT ( ( #2066, #3458, #2611 ) ) REPRESENTATION_CONTEXT ( 'NONE', 'WORKASPACE' ) );
#2954 = DIRECTION ( 'NONE',  ( -0.000000000000000000, -1.000000000000000000, -0.000000000000000000 ) ) ;
#2955 = ORIENTED_EDGE ( 'NONE', *, *, #3178, .T. ) ;
#2956 = VECTOR ( 'NONE', #2419, 1000.000000000000000 ) ;
#2957 = EDGE_CURVE ( 'NONE', #1753, #2830, #2399, .T. ) ;
#2958 =( NAMED_UNIT ( * ) SI_UNIT ( $, .STERADIAN. ) SOLID_ANGLE_UNIT ( ) );
#2959 = ORIENTED_EDGE ( 'NONE', *, *, #835, .T. ) ;
#2960 = EDGE_CURVE ( 'NONE', #2554, #4, #3488, .T. ) ;
#2961 = PLANE ( 'NONE',  #3447 ) ;
#2962 = EDGE_CURVE ( 'NONE', #629, #1203, #71, .T. ) ;
#2963 = ORIENTED_EDGE ( 'NONE', *, *, #2783, .F. ) ;
#2964 = DIRECTION ( 'NONE',  ( -0.000000000000000000, 1.000000000000000000, -0.000000000000000000 ) ) ;
#2965 = LINE ( 'NONE', #524, #3228 ) ;
#2966 = DIRECTION ( 'NONE',  ( 1.000000000000000000, 0.000000000000000000, 0.000000000000000000 ) ) ;
#2967 = DIRECTION ( 'NONE',  ( 0.000000000000000000, 1.000000000000000000, 0.000000000000000000 ) ) ;
#2968 = ORIENTED_EDGE ( 'NONE', *, *, #2861, .F. ) ;
#2969 = AXIS2_PLACEMENT_3D ( 'NONE', #3093, #2520, #2257 ) ;
#2970 = CARTESIAN_POINT ( 'NONE',  ( 0.6999999999999997335, 0.000000000000000000, 1.000000000000000000 ) ) ;
#2971 = CARTESIAN_POINT ( 'NONE',  ( -0.6299999999999997824, 0.000000000000000000, -0.9300000000000002709 ) ) ;
#2972 = EDGE_LOOP ( 'NONE', ( #970, #2308, #1543, #2730 ) ) ;
#2973 = ADVANCED_FACE ( 'NONE', ( #2748 ), #2240, .F. ) ;
#2974 = VERTEX_POINT ( 'NONE', #3002 ) ;
#2975 = DIRECTION ( 'NONE',  ( 1.000000000000000000, 0.000000000000000000, 0.000000000000000000 ) ) ;
#2976 = DIRECTION ( 'NONE',  ( 0.7071067811865486830, 0.000000000000000000, -0.7071067811865464625 ) ) ;
#2977 = DIRECTION ( 'NONE',  ( -1.000000000000000000, 0.000000000000000000, 0.000000000000000000 ) ) ;
#2978 = DIRECTION ( 'NONE',  ( 1.042502088928367809E-16, 0.000000000000000000, 1.000000000000000000 ) ) ;
#2979 = DIRECTION ( 'NONE',  ( 0.000000000000000000, -1.000000000000000000, 0.000000000000000000 ) ) ;
#2980 = EDGE_CURVE ( 'NONE', #1263, #2074, #3322, .T. ) ;
#2981 = VERTEX_POINT ( 'NONE', #882 ) ;
#2982 = VERTEX_POINT ( 'NONE', #642 ) ;
#2983 = LINE ( 'NONE', #2137, #950 ) ;
#2984 = VERTEX_POINT ( 'NONE', #3035 ) ;
#2985 = DIRECTION ( 'NONE',  ( 0.000000000000000000, 1.000000000000000000, 0.000000000000000000 ) ) ;
#2986 = ORIENTED_EDGE ( 'NONE', *, *, #2788, .F. ) ;
#2987 = VECTOR ( 'NONE', #74, 1000.000000000000000 ) ;
#2988 = DIRECTION ( 'NONE',  ( 1.000000000000000000, 0.000000000000000000, 0.000000000000000000 ) ) ;
#2989 = ORIENTED_EDGE ( 'NONE', *, *, #3061, .F. ) ;
#2990 = PLANE ( 'NONE',  #3403 ) ;
#2991 = DIRECTION ( 'NONE',  ( -1.000000000000000000, 0.000000000000000000, 0.000000000000000000 ) ) ;
#2992 = EDGE_CURVE ( 'NONE', #1123, #1251, #108, .T. ) ;
#2993 = CIRCLE ( 'NONE', #2423, 0.08749999999999968914 ) ;
#2994 = CARTESIAN_POINT ( 'NONE',  ( -0.5199999999999995737, 0.4899999999999999911, -0.7200000000000000844 ) ) ;
#2995 = LINE ( 'NONE', #557, #3373 ) ;
#2996 = CARTESIAN_POINT ( 'NONE',  ( -0.8000000000000003775, 0.1275000000000000022, 1.000000000000000000 ) ) ;
#2997 = VECTOR ( 'NONE', #1021, 1000.000000000000000 ) ;
#2998 = EDGE_CURVE ( 'NONE', #404, #2527, #579, .T. ) ;
#2999 = ORIENTED_EDGE ( 'NONE', *, *, #3023, .T. ) ;
#3000 = VECTOR ( 'NONE', #2086, 1000.000000000000000 ) ;
#3001 = ADVANCED_FACE ( 'NONE', ( #346 ), #1999, .F. ) ;
#3002 = CARTESIAN_POINT ( 'NONE',  ( -0.7300000000000002043, 0.1275000000000000022, 0.8300000000000002931 ) ) ;
#3003 = COLOUR_RGB ( '',0.9686274509803921573, 0.8784313725490195957, 0.5999999999999999778 ) ;
#3004 = EDGE_LOOP ( 'NONE', ( #1453, #19, #2065, #1313, #2922, #683, #2571, #958 ) ) ;
#3005 = COLOUR_RGB ( '',0.2509803921568627416, 0.2509803921568627416, 0.2509803921568627416 ) ;
#3006 = VERTEX_POINT ( 'NONE', #328 ) ;
#3007 = VECTOR ( 'NONE', #1214, 1000.000000000000114 ) ;
#3008 = ORIENTED_EDGE ( 'NONE', *, *, #2696, .F. ) ;
#3009 = FACE_OUTER_BOUND ( 'NONE', #1170, .T. ) ;
#3010 = LINE ( 'NONE', #1646, #1479 ) ;
#3011 = CARTESIAN_POINT ( 'NONE',  ( -0.7200000000000000844, 0.4049999999999999711, 0.7200000000000004174 ) ) ;
#3012 = LINE ( 'NONE', #85, #2668 ) ;
#3013 = VERTEX_POINT ( 'NONE', #1707 ) ;
#3014 = EDGE_CURVE ( 'NONE', #1597, #1395, #2482, .T. ) ;
#3015 = CLOSED_SHELL ( 'NONE', ( #1364, #2396, #982, #814, #1959, #705, #1357, #2632, #567, #3159 ) ) ;
#3016 = LINE ( 'NONE', #824, #2412 ) ;
#3017 = DIRECTION ( 'NONE',  ( 1.000000000000000000, 0.000000000000000000, 0.000000000000000000 ) ) ;
#3018 = AXIS2_PLACEMENT_3D ( 'NONE', #3259, #286, #805 ) ;
#3019 = ORIENTED_EDGE ( 'NONE', *, *, #502, .F. ) ;
#3020 = EDGE_CURVE ( 'NONE', #1799, #1961, #2041, .T. ) ;
#3021 = PLANE ( 'NONE',  #1046 ) ;
#3022 = EDGE_LOOP ( 'NONE', ( #1788, #2185, #2031, #292, #1136, #1659, #449 ) ) ;
#3023 = EDGE_CURVE ( 'NONE', #2874, #1722, #1854, .T. ) ;
#3024 = UNCERTAINTY_MEASURE_WITH_UNIT (LENGTH_MEASURE( 1.000000000000000082E-05 ), #2504, 'distance_accuracy_value', 'NONE');
#3025 = CARTESIAN_POINT ( 'NONE',  ( -0.8000000000000000444, 0.1275000000000000022, 0.8999999999999999112 ) ) ;
#3026 = DIRECTION ( 'NONE',  ( -1.000000000000000000, 0.000000000000000000, 0.000000000000000000 ) ) ;
#3027 = ORIENTED_EDGE ( 'NONE', *, *, #1303, .T. ) ;
#3028 = CARTESIAN_POINT ( 'NONE',  ( -0.4599999999999996869, 0.4899999999999999911, -0.7200000000000000844 ) ) ;
#3029 = CARTESIAN_POINT ( 'NONE',  ( 0.2500000000000001665, 0.1275000000000000022, -0.5500000000000003775 ) ) ;
#3030 = DIRECTION ( 'NONE',  ( -1.000000000000000000, 0.000000000000000000, 0.000000000000000000 ) ) ;
#3031 = PLANE ( 'NONE',  #1201 ) ;
#3032 = CARTESIAN_POINT ( 'NONE',  ( 0.6999999999999998446, 0.9789693182963199458, 1.000000000000000000 ) ) ;
#3033 = ORIENTED_EDGE ( 'NONE', *, *, #2783, .T. ) ;
#3034 = CARTESIAN_POINT ( 'NONE',  ( -0.5799999999999995159, 0.4899999999999999911, -0.7200000000000000844 ) ) ;
#3035 = CARTESIAN_POINT ( 'NONE',  ( 0.5200000000000000178, 0.3250000000000000111, -0.9199999999999998179 ) ) ;
#3036 = ORIENTED_EDGE ( 'NONE', *, *, #1777, .F. ) ;
#3037 = EDGE_CURVE ( 'NONE', #822, #1597, #3216, .T. ) ;
#3038 = LINE ( 'NONE', #3101, #3451 ) ;
#3039 = ORIENTED_EDGE ( 'NONE', *, *, #2075, .F. ) ;
#3040 = DIRECTION ( 'NONE',  ( -1.000000000000000000, 0.000000000000000000, 0.000000000000000000 ) ) ;
#3041 = ORIENTED_EDGE ( 'NONE', *, *, #233, .F. ) ;
#3042 = CARTESIAN_POINT ( 'NONE',  ( -0.8000000000000001554, 0.2550000000000000044, -1.000000000000000000 ) ) ;
#3043 = EDGE_CURVE ( 'NONE', #1161, #641, #1160, .T. ) ;
#3044 = ORIENTED_EDGE ( 'NONE', *, *, #3320, .F. ) ;
#3045 = DIRECTION ( 'NONE',  ( 0.000000000000000000, 1.000000000000000000, 0.000000000000000000 ) ) ;
#3046 = PLANE ( 'NONE',  #2155 ) ;
#3047 = AXIS2_PLACEMENT_3D ( 'NONE', #1618, #2384, #2126 ) ;
#3048 = LINE ( 'NONE', #2295, #2112 ) ;
#3049 = ORIENTED_EDGE ( 'NONE', *, *, #843, .T. ) ;
#3050 = CARTESIAN_POINT ( 'NONE',  ( 0.6999999999999996225, 0.2550000000000000044, -1.000000000000000000 ) ) ;
#3051 = AXIS2_PLACEMENT_3D ( 'NONE', #813, #782, #1642 ) ;
#3052 = AXIS2_PLACEMENT_3D ( 'NONE', #1266, #2281, #3366 ) ;
#3053 = CARTESIAN_POINT ( 'NONE',  ( 0.6299999999999998934, 0.000000000000000000, -0.9299999999999999378 ) ) ;
#3054 = FACE_OUTER_BOUND ( 'NONE', #947, .T. ) ;
#3055 = AXIS2_PLACEMENT_3D ( 'NONE', #188, #1250, #2644 ) ;
#3056 = DIRECTION ( 'NONE',  ( 0.000000000000000000, -1.000000000000000000, 0.000000000000000000 ) ) ;
#3057 = PRESENTATION_STYLE_ASSIGNMENT (( #1976 ) ) ;
#3058 = ORIENTED_EDGE ( 'NONE', *, *, #1689, .F. ) ;
#3059 = VECTOR ( 'NONE', #1568, 1000.000000000000000 ) ;
#3060 = DIRECTION ( 'NONE',  ( -1.000000000000000000, 0.000000000000000000, -5.706327223607921499E-16 ) ) ;
#3061 = EDGE_CURVE ( 'NONE', #822, #3489, #2813, .T. ) ;
#3062 = ORIENTED_EDGE ( 'NONE', *, *, #2040, .T. ) ;
#3063 = CIRCLE ( 'NONE', #906, 0.1800000000000001599 ) ;
#3064 = LINE ( 'NONE', #2797, #1530 ) ;
#3065 = PRESENTATION_LAYER_ASSIGNMENT (  '', '', ( #3177 ) ) ;
#3066 = ORIENTED_EDGE ( 'NONE', *, *, #3097, .F. ) ;
#3067 = LINE ( 'NONE', #894, #736 ) ;
#3068 = ORIENTED_EDGE ( 'NONE', *, *, #1276, .F. ) ;
#3069 = CARTESIAN_POINT ( 'NONE',  ( 0.4500000000000001776, 0.1275000000000000022, -0.3500000000000003109 ) ) ;
#3070 = FACE_OUTER_BOUND ( 'NONE', #2722, .T. ) ;
#3071 = AXIS2_PLACEMENT_3D ( 'NONE', #285, #2761, #1409 ) ;
#3072 = EDGE_CURVE ( 'NONE', #1006, #2974, #3016, .T. ) ;
#3073 = CARTESIAN_POINT ( 'NONE',  ( 0.6299999999999996714, 0.000000000000000000, 0.9300000000000003819 ) ) ;
#3074 = ORIENTED_EDGE ( 'NONE', *, *, #1091, .F. ) ;
#3075 = CARTESIAN_POINT ( 'NONE',  ( 0.8000000000000003775, 0.000000000000000000, -0.3499999999999998113 ) ) ;
#3076 = DIRECTION ( 'NONE',  ( -0.000000000000000000, -1.000000000000000000, -0.000000000000000000 ) ) ;
#3077 = ORIENTED_EDGE ( 'NONE', *, *, #938, .T. ) ;
#3078 = DIRECTION ( 'NONE',  ( 1.000000000000000000, 4.613626265895761094E-16, 0.000000000000000000 ) ) ;
#3079 = DIRECTION ( 'NONE',  ( -1.000000000000000000, 0.000000000000000000, -7.529181753371568567E-17 ) ) ;
#3080 = EDGE_LOOP ( 'NONE', ( #2397, #1040 ) ) ;
#3081 = DIRECTION ( 'NONE',  ( 0.000000000000000000, 1.000000000000000000, 0.000000000000000000 ) ) ;
#3082 = DIRECTION ( 'NONE',  ( 1.000000000000000000, 0.000000000000000000, 7.529181753371568567E-17 ) ) ;
#3083 = ORIENTED_EDGE ( 'NONE', *, *, #3407, .F. ) ;
#3084 = ORIENTED_EDGE ( 'NONE', *, *, #182, .F. ) ;
#3085 = DIRECTION ( 'NONE',  ( 0.7071067811865442421, 0.000000000000000000, 0.7071067811865509034 ) ) ;
#3086 = EDGE_LOOP ( 'NONE', ( #1424, #1535, #2944, #2305, #198, #592, #1069 ) ) ;
#3087 = DIRECTION ( 'NONE',  ( -1.000000000000000000, 0.000000000000000000, 0.000000000000000000 ) ) ;
#3088 = CARTESIAN_POINT ( 'NONE',  ( -0.8000000000000001554, 0.1275000000000000022, -1.000000000000000000 ) ) ;
#3089 = ADVANCED_FACE ( 'NONE', ( #1917 ), #1654, .F. ) ;
#3090 = CARTESIAN_POINT ( 'NONE',  ( 0.7550000000000000044, 0.2550000000000000044, -0.7199999999999999734 ) ) ;
#3091 = ORIENTED_EDGE ( 'NONE', *, *, #1438, .F. ) ;
#3092 = CARTESIAN_POINT ( 'NONE',  ( -0.6750000000000000444, 0.5000000000000000000, 0.7200000000000004174 ) ) ;
#3093 = CARTESIAN_POINT ( 'NONE',  ( 0.5199999999999995737, 0.4749999999999999223, 0.8750000000000004441 ) ) ;
#3094 = ORIENTED_EDGE ( 'NONE', *, *, #2518, .F. ) ;
#3095 = DIRECTION ( 'NONE',  ( -1.000000000000000000, 0.000000000000000000, 0.000000000000000000 ) ) ;
#3096 = PLANE ( 'NONE',  #3349 ) ;
#3097 = EDGE_CURVE ( 'NONE', #498, #2697, #2541, .T. ) ;
#3098 = DIRECTION ( 'NONE',  ( -0.000000000000000000, -1.000000000000000000, -0.000000000000000000 ) ) ;
#3099 = VERTEX_POINT ( 'NONE', #844 ) ;
#3100 = CARTESIAN_POINT ( 'NONE',  ( 0.7999999999999999334, 0.000000000000000000, 0.9000000000000001332 ) ) ;
#3101 = CARTESIAN_POINT ( 'NONE',  ( 0.2500000000000001665, 0.000000000000000000, 0.000000000000000000 ) ) ;
#3102 = ORIENTED_EDGE ( 'NONE', *, *, #2810, .F. ) ;
#3103 = ORIENTED_EDGE ( 'NONE', *, *, #1913, .T. ) ;
#3104 = PLANE ( 'NONE',  #1292 ) ;
#3105 = EDGE_LOOP ( 'NONE', ( #570, #3421, #773, #428 ) ) ;
#3106 = DIRECTION ( 'NONE',  ( 1.000000000000000000, -0.000000000000000000, 5.706327223607922485E-16 ) ) ;
#3107 = CARTESIAN_POINT ( 'NONE',  ( -0.5199999999999995737, 0.5000000000000000000, -0.7200000000000000844 ) ) ;
#3108 = ORIENTED_EDGE ( 'NONE', *, *, #1117, .F. ) ;
#3109 = PLANE ( 'NONE',  #48 ) ;
#3110 = EDGE_CURVE ( 'NONE', #548, #2588, #1392, .T. ) ;
#3111 = CIRCLE ( 'NONE', #3399, 0.08749999999999946709 ) ;
#3112 = DIRECTION ( 'NONE',  ( -1.000000000000000000, -0.000000000000000000, -0.000000000000000000 ) ) ;
#3113 = ORIENTED_EDGE ( 'NONE', *, *, #2810, .T. ) ;
#3114 = DIRECTION ( 'NONE',  ( 1.000000000000000000, 0.000000000000000000, 0.000000000000000000 ) ) ;
#3115 = EDGE_CURVE ( 'NONE', #2583, #1038, #1121, .T. ) ;
#3116 = VECTOR ( 'NONE', #3303, 1000.000000000000000 ) ;
#3117 = EDGE_LOOP ( 'NONE', ( #650, #2968, #731, #953 ) ) ;
#3118 = ADVANCED_FACE ( 'NONE', ( #2119 ), #3193, .T. ) ;
#3119 = CIRCLE ( 'NONE', #3272, 0.05999999999999994227 ) ;
#3120 = CARTESIAN_POINT ( 'NONE',  ( -0.2499999999999998335, 0.9789693182963199458, -0.9300000000000000488 ) ) ;
#3121 = LINE ( 'NONE', #2340, #160 ) ;
#3122 = VERTEX_POINT ( 'NONE', #660 ) ;
#3123 = AXIS2_PLACEMENT_3D ( 'NONE', #2057, #424, #2882 ) ;
#3124 = AXIS2_PLACEMENT_3D ( 'NONE', #2763, #2745, #1137 ) ;
#3125 = VERTEX_POINT ( 'NONE', #753 ) ;
#3126 = DIRECTION ( 'NONE',  ( 1.000000000000000000, 0.000000000000000000, 9.346570452461246523E-17 ) ) ;
#3127 = DIRECTION ( 'NONE',  ( 0.000000000000000000, 1.000000000000000000, 0.000000000000000000 ) ) ;
#3128 = STYLED_ITEM ( 'NONE', ( #981 ), #2473 ) ;
#3129 = DIRECTION ( 'NONE',  ( 1.000000000000000000, 0.000000000000000000, 0.000000000000000000 ) ) ;
#3130 = EDGE_LOOP ( 'NONE', ( #2069, #336 ) ) ;
#3131 = CARTESIAN_POINT ( 'NONE',  ( -0.5199999999999996847, 0.3250000000000003997, 0.7200000000000004174 ) ) ;
#3132 = VECTOR ( 'NONE', #2853, 1000.000000000000000 ) ;
#3133 = FACE_OUTER_BOUND ( 'NONE', #2315, .T. ) ;
#3134 = EDGE_LOOP ( 'NONE', ( #827, #353, #371, #520 ) ) ;
#3135 = CARTESIAN_POINT ( 'NONE',  ( -0.8074999999999999956, 0.3249999999999999001, -0.7199999999999999734 ) ) ;
#3136 = ORIENTED_EDGE ( 'NONE', *, *, #2523, .T. ) ;
#3137 = EDGE_CURVE ( 'NONE', #3122, #229, #2099, .T. ) ;
#3138 = DIRECTION ( 'NONE',  ( -0.000000000000000000, 1.000000000000000000, -0.000000000000000000 ) ) ;
#3139 = DIRECTION ( 'NONE',  ( 0.7071067811865442421, 0.000000000000000000, 0.7071067811865509034 ) ) ;
#3140 = ORIENTED_EDGE ( 'NONE', *, *, #2980, .T. ) ;
#3141 = ORIENTED_EDGE ( 'NONE', *, *, #499, .T. ) ;
#3142 = SURFACE_STYLE_USAGE ( .BOTH. , #3155 ) ;
#3143 = EDGE_CURVE ( 'NONE', #2746, #3404, #3445, .T. ) ;
#3144 = PLANE ( 'NONE',  #3288 ) ;
#3145 = ORIENTED_EDGE ( 'NONE', *, *, #278, .T. ) ;
#3146 = DIRECTION ( 'NONE',  ( -0.7071067811865507924, -0.000000000000000000, 0.7071067811865441310 ) ) ;
#3147 = LINE ( 'NONE', #1003, #2349 ) ;
#3148 = CARTESIAN_POINT ( 'NONE',  ( 0.2500000000000002220, 0.1275000000000000022, -0.5500000000000003775 ) ) ;
#3149 = ORIENTED_EDGE ( 'NONE', *, *, #627, .F. ) ;
#3150 = DIRECTION ( 'NONE',  ( -1.000000000000000000, 0.000000000000000000, 0.000000000000000000 ) ) ;
#3151 = DIRECTION ( 'NONE',  ( 7.529181753371559939E-17, 0.000000000000000000, -1.000000000000000000 ) ) ;
#3152 = VERTEX_POINT ( 'NONE', #3175 ) ;
#3153 = ADVANCED_FACE ( 'NONE', ( #204 ), #2930, .F. ) ;
#3154 = ORIENTED_EDGE ( 'NONE', *, *, #1456, .T. ) ;
#3155 = SURFACE_SIDE_STYLE ('',( #1965 ) ) ;
#3156 = EDGE_CURVE ( 'NONE', #3516, #229, #488, .T. ) ;
#3157 = DIRECTION ( 'NONE',  ( 0.000000000000000000, 1.000000000000000000, 0.000000000000000000 ) ) ;
#3158 = DIRECTION ( 'NONE',  ( -7.529181753371559939E-17, -0.000000000000000000, 1.000000000000000000 ) ) ;
#3159 = ADVANCED_FACE ( 'NONE', ( #2346 ), #175, .F. ) ;
#3160 = ORIENTED_EDGE ( 'NONE', *, *, #499, .F. ) ;
#3161 = DIRECTION ( 'NONE',  ( 0.7071067811865507924, 0.000000000000000000, 0.7071067811865441310 ) ) ;
#3162 = DIRECTION ( 'NONE',  ( 0.000000000000000000, -1.000000000000000000, 0.000000000000000000 ) ) ;
#3163 = CARTESIAN_POINT ( 'NONE',  ( -0.5199999999999997957, 0.4049999999999999711, -0.9000000000000002442 ) ) ;
#3164 = PLANE ( 'NONE',  #447 ) ;
#3165 = VECTOR ( 'NONE', #730, 1000.000000000000000 ) ;
#3166 = ORIENTED_EDGE ( 'NONE', *, *, #719, .F. ) ;
#3167 = CARTESIAN_POINT ( 'NONE',  ( 0.8000000000000001554, 0.1275000000000000022, 0.9300000000000003819 ) ) ;
#3168 = VERTEX_POINT ( 'NONE', #1482 ) ;
#3169 = CIRCLE ( 'NONE', #1756, 0.1000000000000002554 ) ;
#3170 = ORIENTED_EDGE ( 'NONE', *, *, #257, .F. ) ;
#3171 = AXIS2_PLACEMENT_3D ( 'NONE', #1184, #1142, #2483 ) ;
#3172 = CARTESIAN_POINT ( 'NONE',  ( 0.000000000000000000, 0.000000000000000000, 0.000000000000000000 ) ) ;
#3173 = EDGE_CURVE ( 'NONE', #3152, #1746, #2660, .T. ) ;
#3174 = EDGE_LOOP ( 'NONE', ( #2400, #1637, #2530, #2799 ) ) ;
#3175 = CARTESIAN_POINT ( 'NONE',  ( -0.8000000000000001554, 0.1275000000000000022, 0.8999999999999998002 ) ) ;
#3176 = DIRECTION ( 'NONE',  ( -2.258754526011467242E-16, 0.000000000000000000, 1.000000000000000000 ) ) ;
#3177 = STYLED_ITEM ( 'NONE', ( #1249 ), #2459 ) ;
#3178 = EDGE_CURVE ( 'NONE', #3355, #670, #2566, .T. ) ;
#3179 = AXIS2_PLACEMENT_3D ( 'NONE', #1688, #3287, #3060 ) ;
#3180 = CARTESIAN_POINT ( 'NONE',  ( 0.6299999999999996714, 0.9789693182963199458, 0.9300000000000003819 ) ) ;
#3181 = CARTESIAN_POINT ( 'NONE',  ( -0.2500000000000001110, 0.1275000000000000022, 0.9300000000000002709 ) ) ;
#3182 = DIRECTION ( 'NONE',  ( 0.000000000000000000, -1.000000000000000000, 0.000000000000000000 ) ) ;
#3183 = EDGE_CURVE ( 'NONE', #1887, #1143, #2377, .T. ) ;
#3184 = CIRCLE ( 'NONE', #1932, 0.08749999999999914790 ) ;
#3185 = ORIENTED_EDGE ( 'NONE', *, *, #1414, .T. ) ;
#3186 = CARTESIAN_POINT ( 'NONE',  ( 0.2500000000000001665, 0.1275000000000000022, -0.5500000000000003775 ) ) ;
#3187 = ORIENTED_EDGE ( 'NONE', *, *, #3360, .T. ) ;
#3188 = ORIENTED_EDGE ( 'NONE', *, *, #2405, .F. ) ;
#3189 = FILL_AREA_STYLE ('',( #2594 ) ) ;
#3190 = LINE ( 'NONE', #1612, #1399 ) ;
#3191 = AXIS2_PLACEMENT_3D ( 'NONE', #2728, #3494, #3227 ) ;
#3192 = ORIENTED_EDGE ( 'NONE', *, *, #2962, .F. ) ;
#3193 = PLANE ( 'NONE',  #3219 ) ;
#3194 = CARTESIAN_POINT ( 'NONE',  ( 0.2499999999999998890, 0.000000000000000000, 0.9300000000000003819 ) ) ;
#3195 = ADVANCED_FACE ( 'NONE', ( #985 ), #3480, .F. ) ;
#3196 = DIRECTION ( 'NONE',  ( 1.000000000000000000, 0.000000000000000000, 0.000000000000000000 ) ) ;
#3197 = LINE ( 'NONE', #2904, #2723 ) ;
#3198 = CARTESIAN_POINT ( 'NONE',  ( 0.7300000000000002043, 0.1275000000000000022, 1.000000000000000000 ) ) ;
#3199 = VERTEX_POINT ( 'NONE', #2664 ) ;
#3200 = EDGE_CURVE ( 'NONE', #1449, #139, #1300, .T. ) ;
#3201 = DIRECTION ( 'NONE',  ( 0.000000000000000000, 0.000000000000000000, 1.000000000000000000 ) ) ;
#3202 = ORIENTED_EDGE ( 'NONE', *, *, #2267, .T. ) ;
#3203 = DIRECTION ( 'NONE',  ( -1.000000000000000000, 0.000000000000000000, 0.000000000000000000 ) ) ;
#3204 = DIRECTION ( 'NONE',  ( 0.000000000000000000, 1.000000000000000000, 0.000000000000000000 ) ) ;
#3205 = ORIENTED_EDGE ( 'NONE', *, *, #1158, .T. ) ;
#3206 = PLANE ( 'NONE',  #377 ) ;
#3207 = LINE ( 'NONE', #1843, #3514 ) ;
#3208 = ADVANCED_FACE ( 'NONE', ( #457 ), #3206, .T. ) ;
#3209 = DIRECTION ( 'NONE',  ( -1.000000000000000000, -0.000000000000000000, -0.000000000000000000 ) ) ;
#3210 = CARTESIAN_POINT ( 'NONE',  ( 0.6299999999999998934, 0.1275000000000000022, -0.9299999999999999378 ) ) ;
#3211 = ORIENTED_EDGE ( 'NONE', *, *, #401, .T. ) ;
#3212 = EDGE_CURVE ( 'NONE', #2447, #3122, #1855, .T. ) ;
#3213 = CARTESIAN_POINT ( 'NONE',  ( -0.7299999999999999822, 0.1275000000000000022, -0.3499999999999999223 ) ) ;
#3214 = ORIENTED_EDGE ( 'NONE', *, *, #1962, .T. ) ;
#3215 = ADVANCED_FACE ( 'NONE', ( #1598 ), #722, .F. ) ;
#3216 = CIRCLE ( 'NONE', #437, 0.1799999999999999378 ) ;
#3217 = DIRECTION ( 'NONE',  ( 0.000000000000000000, 0.000000000000000000, 1.000000000000000000 ) ) ;
#3218 = VERTEX_POINT ( 'NONE', #2629 ) ;
#3219 = AXIS2_PLACEMENT_3D ( 'NONE', #1743, #1000, #2361 ) ;
#3220 = CYLINDRICAL_SURFACE ( 'NONE', #1455, 0.1000000000000002554 ) ;
#3221 = VECTOR ( 'NONE', #2439, 1000.000000000000000 ) ;
#3222 = VERTEX_POINT ( 'NONE', #191 ) ;
#3223 = CARTESIAN_POINT ( 'NONE',  ( 0.7300000000000002043, 0.1275000000000000022, -0.3499999999999998113 ) ) ;
#3224 = CARTESIAN_POINT ( 'NONE',  ( 0.7999999999999999334, 0.2500000000000000000, 1.000000000000000000 ) ) ;
#3225 = VECTOR ( 'NONE', #2301, 1000.000000000000000 ) ;
#3226 = LINE ( 'NONE', #2218, #1247 ) ;
#3227 = DIRECTION ( 'NONE',  ( 1.000000000000000000, 0.000000000000000000, 0.000000000000000000 ) ) ;
#3228 = VECTOR ( 'NONE', #3509, 1000.000000000000000 ) ;
#3229 = LINE ( 'NONE', #1880, #3460 ) ;
#3230 = ORIENTED_EDGE ( 'NONE', *, *, #1526, .F. ) ;
#3231 = VECTOR ( 'NONE', #2529, 1000.000000000000000 ) ;
#3232 = PLANE ( 'NONE',  #1394 ) ;
#3233 = CIRCLE ( 'NONE', #1352, 0.02500000000000028241 ) ;
#3234 = EDGE_CURVE ( 'NONE', #1123, #752, #1687, .T. ) ;
#3235 = FACE_OUTER_BOUND ( 'NONE', #2081, .T. ) ;
#3236 = EDGE_LOOP ( 'NONE', ( #2242, #2224, #1324, #1784, #3008, #2626, #425, #2402 ) ) ;
#3237 = EDGE_CURVE ( 'NONE', #1951, #3327, #2191, .T. ) ;
#3238 = VERTEX_POINT ( 'NONE', #3239 ) ;
#3239 = CARTESIAN_POINT ( 'NONE',  ( -0.6999999999999999556, 0.1275000000000000022, 0.9999999999999997780 ) ) ;
#3240 = CARTESIAN_POINT ( 'NONE',  ( 0.6299999999999998934, 0.000000000000000000, -0.9299999999999999378 ) ) ;
#3241 = DIRECTION ( 'NONE',  ( 0.000000000000000000, 1.000000000000000000, 0.000000000000000000 ) ) ;
#3242 = LINE ( 'NONE', #1950, #177 ) ;
#3243 = LINE ( 'NONE', #3513, #1660 ) ;
#3244 = CARTESIAN_POINT ( 'NONE',  ( -0.7000000000000000666, 0.9789693182963199458, 1.000000000000000000 ) ) ;
#3245 = VECTOR ( 'NONE', #49, 1000.000000000000114 ) ;
#3246 = DIRECTION ( 'NONE',  ( 0.7071067811865442421, 0.000000000000000000, 0.7071067811865509034 ) ) ;
#3247 = AXIS2_PLACEMENT_3D ( 'NONE', #1684, #1181, #2766 ) ;
#3248 = ORIENTED_EDGE ( 'NONE', *, *, #1138, .T. ) ;
#3249 = CARTESIAN_POINT ( 'NONE',  ( -0.8000000000000001554, 0.1275000000000000022, -1.000000000000000000 ) ) ;
#3250 = ORIENTED_EDGE ( 'NONE', *, *, #17, .T. ) ;
#3251 = EDGE_CURVE ( 'NONE', #1690, #909, #1645, .T. ) ;
#3252 = ORIENTED_EDGE ( 'NONE', *, *, #202, .F. ) ;
#3253 = DIRECTION ( 'NONE',  ( 0.000000000000000000, -1.000000000000000000, 0.000000000000000000 ) ) ;
#3254 = ADVANCED_FACE ( 'NONE', ( #2706 ), #3492, .T. ) ;
#3255 = ORIENTED_EDGE ( 'NONE', *, *, #1381, .T. ) ;
#3256 = LINE ( 'NONE', #5, #1527 ) ;
#3257 = DIRECTION ( 'NONE',  ( 2.258754526011489922E-16, 0.000000000000000000, -1.000000000000000000 ) ) ;
#3258 = CARTESIAN_POINT ( 'NONE',  ( 0.2500000000000001665, 0.1275000000000000022, -0.9300000000000001599 ) ) ;
#3259 = CARTESIAN_POINT ( 'NONE',  ( 0.2499999999999999445, 0.9789693182963199458, 0.3500000000000002554 ) ) ;
#3260 = DIRECTION ( 'NONE',  ( -1.000000000000000000, 0.000000000000000000, 0.000000000000000000 ) ) ;
#3261 = DIRECTION ( 'NONE',  ( 1.000000000000000000, -0.000000000000000000, -0.000000000000000000 ) ) ;
#3262 = DIRECTION ( 'NONE',  ( 7.529181753371558706E-17, -0.000000000000000000, -1.000000000000000000 ) ) ;
#3263 = VERTEX_POINT ( 'NONE', #2690 ) ;
#3264 = FILL_AREA_STYLE_COLOUR ( '', #1929 ) ;
#3265 = ORIENTED_EDGE ( 'NONE', *, *, #2595, .T. ) ;
#3266 = VECTOR ( 'NONE', #2909, 1000.000000000000000 ) ;
#3267 = ORIENTED_EDGE ( 'NONE', *, *, #1653, .T. ) ;
#3268 = AXIS2_PLACEMENT_3D ( 'NONE', #2513, #3127, #1131 ) ;
#3269 = CARTESIAN_POINT ( 'NONE',  ( -0.8000000000000001554, 0.2550000000000000044, -0.8999999999999998002 ) ) ;
#3270 = LINE ( 'NONE', #590, #2716 ) ;
#3271 = ADVANCED_FACE ( 'NONE', ( #523 ), #2990, .F. ) ;
#3272 = AXIS2_PLACEMENT_3D ( 'NONE', #1425, #2509, #1147 ) ;
#3273 = CARTESIAN_POINT ( 'NONE',  ( 0.7300000000000002043, 0.1275000000000000022, -0.8299999999999999600 ) ) ;
#3274 = FACE_OUTER_BOUND ( 'NONE', #2701, .T. ) ;
#3275 = CARTESIAN_POINT ( 'NONE',  ( -0.6299999999999998934, 0.000000000000000000, 0.9300000000000002709 ) ) ;
#3276 = EDGE_CURVE ( 'NONE', #2812, #1458, #1384, .T. ) ;
#3277 = VECTOR ( 'NONE', #904, 1000.000000000000114 ) ;
#3278 = ORIENTED_EDGE ( 'NONE', *, *, #3014, .F. ) ;
#3279 = VECTOR ( 'NONE', #2378, 1000.000000000000000 ) ;
#3280 = DIRECTION ( 'NONE',  ( 0.000000000000000000, -1.235990476633477327E-13, -1.000000000000000000 ) ) ;
#3281 = FACE_OUTER_BOUND ( 'NONE', #728, .T. ) ;
#3282 = EDGE_CURVE ( 'NONE', #3168, #1572, #3256, .T. ) ;
#3283 = VECTOR ( 'NONE', #2755, 1000.000000000000000 ) ;
#3284 = ORIENTED_EDGE ( 'NONE', *, *, #2720, .F. ) ;
#3285 = AXIS2_PLACEMENT_3D ( 'NONE', #2140, #216, #1311 ) ;
#3286 = ORIENTED_EDGE ( 'NONE', *, *, #3237, .T. ) ;
#3287 = DIRECTION ( 'NONE',  ( 5.706327223607921499E-16, 0.000000000000000000, -1.000000000000000000 ) ) ;
#3288 = AXIS2_PLACEMENT_3D ( 'NONE', #2837, #964, #3406 ) ;
#3289 = ORIENTED_EDGE ( 'NONE', *, *, #180, .T. ) ;
#3290 = DIRECTION ( 'NONE',  ( 1.000000000000000000, 0.000000000000000000, 2.258754526011466749E-16 ) ) ;
#3291 = VECTOR ( 'NONE', #2328, 1000.000000000000000 ) ;
#3292 = CARTESIAN_POINT ( 'NONE',  ( -0.8000000000000001554, 0.1275000000000000577, -0.8999999999999998002 ) ) ;
#3293 = ORIENTED_EDGE ( 'NONE', *, *, #1162, .T. ) ;
#3294 = DIRECTION ( 'NONE',  ( 0.000000000000000000, -1.000000000000000000, 0.000000000000000000 ) ) ;
#3295 = CARTESIAN_POINT ( 'NONE',  ( -0.5200000000000000178, 0.4750000000000010325, 0.9000000000000003553 ) ) ;
#3296 = DIRECTION ( 'NONE',  ( -0.000000000000000000, 1.000000000000000000, -0.000000000000000000 ) ) ;
#3297 = LINE ( 'NONE', #1370, #1189 ) ;
#3298 = CYLINDRICAL_SURFACE ( 'NONE', #684, 0.1999999999999999833 ) ;
#3299 = ADVANCED_FACE ( 'NONE', ( #1110 ), #571, .T. ) ;
#3300 = ORIENTED_EDGE ( 'NONE', *, *, #1276, .T. ) ;
#3301 = CIRCLE ( 'NONE', #234, 0.08749999999999946709 ) ;
#3302 = LINE ( 'NONE', #1480, #288 ) ;
#3303 = DIRECTION ( 'NONE',  ( 0.7071067811865496822, 0.000000000000000000, 0.7071067811865453523 ) ) ;
#3304 = LINE ( 'NONE', #51, #170 ) ;
#3305 = ORIENTED_EDGE ( 'NONE', *, *, #483, .F. ) ;
#3306 = EDGE_CURVE ( 'NONE', #1504, #2265, #1947, .T. ) ;
#3307 = DIRECTION ( 'NONE',  ( 1.000000000000000000, 0.000000000000000000, 1.936075308009829121E-15 ) ) ;
#3308 = EDGE_LOOP ( 'NONE', ( #3396, #2322, #1074, #1208 ) ) ;
#3309 = UNCERTAINTY_MEASURE_WITH_UNIT (LENGTH_MEASURE( 1.000000000000000082E-05 ), #1901, 'distance_accuracy_value', 'NONE');
#3310 = CARTESIAN_POINT ( 'NONE',  ( 0.7299999999999999822, 0.1275000000000000022, 0.8300000000000004041 ) ) ;
#3311 = ORIENTED_EDGE ( 'NONE', *, *, #390, .F. ) ;
#3312 = DIRECTION ( 'NONE',  ( 5.706327223607922485E-16, 0.000000000000000000, -1.000000000000000000 ) ) ;
#3313 = VERTEX_POINT ( 'NONE', #3223 ) ;
#3314 = LINE ( 'NONE', #875, #2373 ) ;
#3315 = DIRECTION ( 'NONE',  ( 1.000000000000000000, 0.000000000000000000, 2.258754526011489922E-16 ) ) ;
#3316 = CARTESIAN_POINT ( 'NONE',  ( 0.000000000000000000, 0.000000000000000000, 0.3500000000000000333 ) ) ;
#3317 = DIRECTION ( 'NONE',  ( -1.000000000000000000, 0.000000000000000000, -7.529181753371558706E-17 ) ) ;
#3318 = CYLINDRICAL_SURFACE ( 'NONE', #3463, 0.1000000000000002554 ) ;
#3319 = DIRECTION ( 'NONE',  ( -7.529181753371559939E-17, -0.000000000000000000, 1.000000000000000000 ) ) ;
#3320 = EDGE_CURVE ( 'NONE', #2898, #1779, #1079, .T. ) ;
#3321 = DIRECTION ( 'NONE',  ( 1.000000000000000000, -0.000000000000000000, -0.000000000000000000 ) ) ;
#3322 = LINE ( 'NONE', #1141, #1749 ) ;
#3323 = CARTESIAN_POINT ( 'NONE',  ( -0.6299999999999998934, 0.1275000000000000022, 0.9300000000000002709 ) ) ;
#3324 = STYLED_ITEM ( 'NONE', ( #1575 ), #1421 ) ;
#3325 = EDGE_CURVE ( 'NONE', #351, #1449, #496, .T. ) ;
#3326 = DIRECTION ( 'NONE',  ( 1.000000000000000000, 0.000000000000000000, 0.000000000000000000 ) ) ;
#3327 = VERTEX_POINT ( 'NONE', #589 ) ;
#3328 = EDGE_CURVE ( 'NONE', #1008, #922, #20, .T. ) ;
#3329 = CARTESIAN_POINT ( 'NONE',  ( -0.5199999999999999067, 0.4049999999999999711, -0.7200000000000000844 ) ) ;
#3330 = ORIENTED_EDGE ( 'NONE', *, *, #3061, .T. ) ;
#3331 = CARTESIAN_POINT ( 'NONE',  ( -0.4599999999999996869, 0.5000000000000000000, -0.7200000000000000844 ) ) ;
#3332 = ORIENTED_EDGE ( 'NONE', *, *, #916, .T. ) ;
#3333 = DIRECTION ( 'NONE',  ( 0.000000000000000000, 1.000000000000000000, 0.000000000000000000 ) ) ;
#3334 = CARTESIAN_POINT ( 'NONE',  ( -0.7300000000000000933, 0.000000000000000000, -0.3500000000000000333 ) ) ;
#3335 = VECTOR ( 'NONE', #465, 1000.000000000000000 ) ;
#3336 = LINE ( 'NONE', #1133, #1173 ) ;
#3337 = CIRCLE ( 'NONE', #2415, 0.02499999999999990424 ) ;
#3338 = DIRECTION ( 'NONE',  ( -1.000000000000000000, 0.000000000000000000, 0.000000000000000000 ) ) ;
#3339 =( NAMED_UNIT ( * ) SI_UNIT ( $, .STERADIAN. ) SOLID_ANGLE_UNIT ( ) );
#3340 = VERTEX_POINT ( 'NONE', #3269 ) ;
#3341 = DIRECTION ( 'NONE',  ( -0.000000000000000000, -1.000000000000000000, -0.000000000000000000 ) ) ;
#3342 = AXIS2_PLACEMENT_3D ( 'NONE', #823, #494, #3017 ) ;
#3343 = FACE_OUTER_BOUND ( 'NONE', #3022, .T. ) ;
#3344 = CIRCLE ( 'NONE', #1759, 0.1799999999999999378 ) ;
#3345 = DIRECTION ( 'NONE',  ( -0.000000000000000000, -0.000000000000000000, -1.000000000000000000 ) ) ;
#3346 = FACE_OUTER_BOUND ( 'NONE', #1833, .T. ) ;
#3347 = CARTESIAN_POINT ( 'NONE',  ( 0.6299999999999996714, -5.421010862427522170E-17, 0.9300000000000002709 ) ) ;
#3348 = ORIENTED_EDGE ( 'NONE', *, *, #3173, .F. ) ;
#3349 = AXIS2_PLACEMENT_3D ( 'NONE', #661, #130, #1516 ) ;
#3350 = DIRECTION ( 'NONE',  ( 0.000000000000000000, 1.000000000000000000, 0.000000000000000000 ) ) ;
#3351 = ORIENTED_EDGE ( 'NONE', *, *, #1885, .T. ) ;
#3352 = VECTOR ( 'NONE', #2782, 999.9999999999998863 ) ;
#3353 = EDGE_CURVE ( 'NONE', #1773, #1779, #1581, .T. ) ;
#3354 =( GEOMETRIC_REPRESENTATION_CONTEXT ( 3 ) GLOBAL_UNCERTAINTY_ASSIGNED_CONTEXT ( ( #602 ) ) GLOBAL_UNIT_ASSIGNED_CONTEXT ( ( #469, #187, #3392 ) ) REPRESENTATION_CONTEXT ( 'NONE', 'WORKASPACE' ) );
#3355 = VERTEX_POINT ( 'NONE', #1927 ) ;
#3356 = CARTESIAN_POINT ( 'NONE',  ( -0.7199999999999999734, 0.3249999999999999556, -0.7199999999999999734 ) ) ;
#3357 = EDGE_LOOP ( 'NONE', ( #1712, #3160, #1025, #515, #1668, #1172, #338, #1640 ) ) ;
#3358 = PLANE ( 'NONE',  #1230 ) ;
#3359 = CARTESIAN_POINT ( 'NONE',  ( -0.5199999999999999067, 0.4749999999999997558, -0.7200000000000004174 ) ) ;
#3360 = EDGE_CURVE ( 'NONE', #2220, #3313, #534, .T. ) ;
#3361 = LINE ( 'NONE', #3316, #3522 ) ;
#3362 = SURFACE_STYLE_FILL_AREA ( #2560 ) ;
#3363 = ORIENTED_EDGE ( 'NONE', *, *, #2117, .F. ) ;
#3364 = CARTESIAN_POINT ( 'NONE',  ( 0.7999999999999999334, 0.1275000000000000022, -1.000000000000000000 ) ) ;
#3365 = CARTESIAN_POINT ( 'NONE',  ( -0.6299999999999996714, 0.1275000000000000022, -0.9300000000000002709 ) ) ;
#3366 = DIRECTION ( 'NONE',  ( 1.000000000000000000, 0.000000000000000000, 0.000000000000000000 ) ) ;
#3367 = DIRECTION ( 'NONE',  ( -0.000000000000000000, -0.000000000000000000, -1.000000000000000000 ) ) ;
#3368 = LINE ( 'NONE', #928, #610 ) ;
#3369 = ORIENTED_EDGE ( 'NONE', *, *, #2420, .T. ) ;
#3370 = CARTESIAN_POINT ( 'NONE',  ( 0.6999999999999998446, 0.4049999999999999711, -0.7199999999999999734 ) ) ;
#3371 = DIRECTION ( 'NONE',  ( 0.000000000000000000, -0.000000000000000000, -1.000000000000000000 ) ) ;
#3372 = EDGE_LOOP ( 'NONE', ( #2161, #1512, #2793, #2989 ) ) ;
#3373 = VECTOR ( 'NONE', #1650, 1000.000000000000000 ) ;
#3374 = ADVANCED_FACE ( 'NONE', ( #3009 ), #553, .T. ) ;
#3375 = ORIENTED_EDGE ( 'NONE', *, *, #2992, .F. ) ;
#3376 = DIRECTION ( 'NONE',  ( -0.000000000000000000, -1.000000000000000000, -0.000000000000000000 ) ) ;
#3377 = EDGE_LOOP ( 'NONE', ( #143, #1989, #3185, #2018 ) ) ;
#3378 = DIRECTION ( 'NONE',  ( 0.000000000000000000, 1.000000000000000000, 0.000000000000000000 ) ) ;
#3379 = LINE ( 'NONE', #937, #549 ) ;
#3380 = ADVANCED_FACE ( 'NONE', ( #2403 ), #2416, .F. ) ;
#3381 = DIRECTION ( 'NONE',  ( 0.000000000000000000, 1.000000000000000000, 0.000000000000000000 ) ) ;
#3382 = VERTEX_POINT ( 'NONE', #1368 ) ;
#3383 = LINE ( 'NONE', #2014, #1923 ) ;
#3384 = DIRECTION ( 'NONE',  ( -0.000000000000000000, -1.000000000000000000, -0.000000000000000000 ) ) ;
#3385 = EDGE_LOOP ( 'NONE', ( #3503, #2884, #1047, #1426 ) ) ;
#3386 = FACE_OUTER_BOUND ( 'NONE', #1427, .T. ) ;
#3387 = VERTEX_POINT ( 'NONE', #2725 ) ;
#3388 = CARTESIAN_POINT ( 'NONE',  ( 0.5199999999999999067, 0.3249999999999999001, 1.007499999999999174 ) ) ;
#3389 = LINE ( 'NONE', #1489, #543 ) ;
#3390 = ORIENTED_EDGE ( 'NONE', *, *, #1319, .T. ) ;
#3391 = ORIENTED_EDGE ( 'NONE', *, *, #1050, .T. ) ;
#3392 =( NAMED_UNIT ( * ) SI_UNIT ( $, .STERADIAN. ) SOLID_ANGLE_UNIT ( ) );
#3393 = FACE_OUTER_BOUND ( 'NONE', #1673, .T. ) ;
#3394 = DIRECTION ( 'NONE',  ( 0.000000000000000000, 1.000000000000000000, -0.000000000000000000 ) ) ;
#3395 = CARTESIAN_POINT ( 'NONE',  ( 0.5199999999999999067, 0.4049999999999999711, 0.7200000000000004174 ) ) ;
#3396 = ORIENTED_EDGE ( 'NONE', *, *, #432, .F. ) ;
#3397 = LINE ( 'NONE', #2826, #2268 ) ;
#3398 = ADVANCED_FACE ( 'NONE', ( #266 ), #2608, .T. ) ;
#3399 = AXIS2_PLACEMENT_3D ( 'NONE', #2937, #1289, #230 ) ;
#3400 = EDGE_CURVE ( 'NONE', #199, #1970, #632, .T. ) ;
#3401 = LINE ( 'NONE', #2919, #3430 ) ;
#3402 = DIRECTION ( 'NONE',  ( -1.000000000000000000, 0.000000000000000000, 0.000000000000000000 ) ) ;
#3403 = AXIS2_PLACEMENT_3D ( 'NONE', #248, #785, #2162 ) ;
#3404 = VERTEX_POINT ( 'NONE', #949 ) ;
#3405 = VECTOR ( 'NONE', #3241, 1000.000000000000000 ) ;
#3406 = DIRECTION ( 'NONE',  ( -1.000000000000000000, 0.000000000000000000, -3.388131789017201849E-16 ) ) ;
#3407 = EDGE_CURVE ( 'NONE', #3006, #1263, #123, .T. ) ;
#3408 = LINE ( 'NONE', #1771, #1977 ) ;
#3409 = ORIENTED_EDGE ( 'NONE', *, *, #1534, .T. ) ;
#3410 = VECTOR ( 'NONE', #2695, 1000.000000000000114 ) ;
#3411 = DIRECTION ( 'NONE',  ( -1.000000000000000000, 0.000000000000000000, 0.000000000000000000 ) ) ;
#3412 = AXIS2_PLACEMENT_3D ( 'NONE', #2563, #2051, #723 ) ;
#3413 = EDGE_LOOP ( 'NONE', ( #2001, #136, #815, #1915 ) ) ;
#3414 = CARTESIAN_POINT ( 'NONE',  ( -0.7000000000000000666, 0.4750000000000010325, -0.7200000000000000844 ) ) ;
#3415 = EDGE_LOOP ( 'NONE', ( #96, #2306, #2199, #3068 ) ) ;
#3416 = DIRECTION ( 'NONE',  ( 0.000000000000000000, 1.000000000000000000, 0.000000000000000000 ) ) ;
#3417 = AXIS2_PLACEMENT_3D ( 'NONE', #744, #1268, #1501 ) ;
#3418 = ADVANCED_FACE ( 'NONE', ( #3393 ), #1212, .T. ) ;
#3419 = DIRECTION ( 'NONE',  ( 0.000000000000000000, 0.000000000000000000, -1.000000000000000000 ) ) ;
#3420 = CARTESIAN_POINT ( 'NONE',  ( 0.7300000000000000933, 0.1275000000000000022, 0.8300000000000005151 ) ) ;
#3421 = ORIENTED_EDGE ( 'NONE', *, *, #2591, .T. ) ;
#3422 = DIRECTION ( 'NONE',  ( 1.000000000000000000, 0.000000000000000000, 0.000000000000000000 ) ) ;
#3423 = CARTESIAN_POINT ( 'NONE',  ( 0.6750000000000000444, 0.4749999999999999778, -0.7200000000000000844 ) ) ;
#3424 = EDGE_LOOP ( 'NONE', ( #221, #1469, #3192, #3475 ) ) ;
#3425 = EDGE_CURVE ( 'NONE', #1887, #1161, #2309, .T. ) ;
#3426 = ORIENTED_EDGE ( 'NONE', *, *, #2033, .T. ) ;
#3427 = AXIS2_PLACEMENT_3D ( 'NONE', #2165, #2711, #1911 ) ;
#3428 = FILL_AREA_STYLE_COLOUR ( '', #52 ) ;
#3429 = SHAPE_DEFINITION_REPRESENTATION ( #1416, #1421 ) ;
#3430 = VECTOR ( 'NONE', #3449, 1000.000000000000000 ) ;
#3431 = EDGE_LOOP ( 'NONE', ( #3102, #2888, #1938, #1926 ) ) ;
#3432 = DIRECTION ( 'NONE',  ( -1.000000000000000000, 0.000000000000000000, -9.346570452461244058E-17 ) ) ;
#3433 = DIRECTION ( 'NONE',  ( 1.000000000000000000, -0.000000000000000000, -0.000000000000000000 ) ) ;
#3434 = DIRECTION ( 'NONE',  ( 1.000000000000000000, 0.000000000000000000, 0.000000000000000000 ) ) ;
#3435 = CARTESIAN_POINT ( 'NONE',  ( 0.5200000000000000178, 0.2550000000000000044, 0.9550000000000001821 ) ) ;
#3436 = EDGE_LOOP ( 'NONE', ( #637, #2867, #1693, #1068 ) ) ;
#3437 = EDGE_CURVE ( 'NONE', #3313, #3122, #1151, .T. ) ;
#3438 = CARTESIAN_POINT ( 'NONE',  ( -0.7199999999999999734, 0.3250000000000000666, 0.7200000000000005285 ) ) ;
#3439 = EDGE_LOOP ( 'NONE', ( #1607, #1290 ) ) ;
#3440 = EDGE_CURVE ( 'NONE', #3199, #120, #2531, .T. ) ;
#3441 = ORIENTED_EDGE ( 'NONE', *, *, #3212, .T. ) ;
#3442 = ADVANCED_FACE ( 'NONE', ( #2272, #60 ), #3358, .T. ) ;
#3443 = DIRECTION ( 'NONE',  ( 1.000000000000000000, 0.000000000000000000, 0.000000000000000000 ) ) ;
#3444 = VERTEX_POINT ( 'NONE', #97 ) ;
#3445 = LINE ( 'NONE', #2019, #101 ) ;
#3446 = PLANE ( 'NONE',  #1698 ) ;
#3447 = AXIS2_PLACEMENT_3D ( 'NONE', #246, #3290, #1852 ) ;
#3448 = PLANE ( 'NONE',  #846 ) ;
#3449 = DIRECTION ( 'NONE',  ( 1.000000000000000000, -0.000000000000000000, -1.042502088928369904E-16 ) ) ;
#3450 = FACE_OUTER_BOUND ( 'NONE', #2118, .T. ) ;
#3451 = VECTOR ( 'NONE', #294, 1000.000000000000000 ) ;
#3452 = ORIENTED_EDGE ( 'NONE', *, *, #1676, .F. ) ;
#3453 = AXIS2_PLACEMENT_3D ( 'NONE', #1347, #2741, #1610 ) ;
#3454 = DIRECTION ( 'NONE',  ( 0.000000000000000000, 1.000000000000000000, 0.000000000000000000 ) ) ;
#3455 = ORIENTED_EDGE ( 'NONE', *, *, #1848, .T. ) ;
#3456 = AXIS2_PLACEMENT_3D ( 'NONE', #89, #2540, #3079 ) ;
#3457 = ORIENTED_EDGE ( 'NONE', *, *, #3212, .F. ) ;
#3458 =( NAMED_UNIT ( * ) PLANE_ANGLE_UNIT ( ) SI_UNIT ( $, .RADIAN. ) );
#3459 = ADVANCED_FACE ( 'NONE', ( #651 ), #2494, .T. ) ;
#3460 = VECTOR ( 'NONE', #2967, 1000.000000000000000 ) ;
#3461 = LINE ( 'NONE', #2877, #890 ) ;
#3462 = DIRECTION ( 'NONE',  ( -0.000000000000000000, -0.000000000000000000, -1.000000000000000000 ) ) ;
#3463 = AXIS2_PLACEMENT_3D ( 'NONE', #301, #879, #2517 ) ;
#3464 = VERTEX_POINT ( 'NONE', #1776 ) ;
#3465 = CARTESIAN_POINT ( 'NONE',  ( -0.8000000000000001554, 0.2500000000000000000, -1.000000000000000000 ) ) ;
#3466 = CARTESIAN_POINT ( 'NONE',  ( -0.7300000000000002043, 0.000000000000000000, 0.3500000000000000333 ) ) ;
#3467 = EDGE_CURVE ( 'NONE', #604, #3125, #339, .T. ) ;
#3468 = VECTOR ( 'NONE', #546, 1000.000000000000000 ) ;
#3469 = CARTESIAN_POINT ( 'NONE',  ( -0.2500000000000000000, 0.000000000000000000, 0.3500000000000001443 ) ) ;
#3470 = DIRECTION ( 'NONE',  ( -9.346570452461242826E-17, 0.000000000000000000, 1.000000000000000000 ) ) ;
#3471 = CARTESIAN_POINT ( 'NONE',  ( 0.7300000000000002043, 0.9789693182963199458, -0.8299999999999999600 ) ) ;
#3472 = AXIS2_PLACEMENT_3D ( 'NONE', #3395, #952, #2049 ) ;
#3473 = ORIENTED_EDGE ( 'NONE', *, *, #2936, .T. ) ;
#3474 = DIRECTION ( 'NONE',  ( 0.000000000000000000, 1.000000000000000000, 0.000000000000000000 ) ) ;
#3475 = ORIENTED_EDGE ( 'NONE', *, *, #2940, .F. ) ;
#3476 = DIRECTION ( 'NONE',  ( 1.000000000000000000, 0.000000000000000000, 0.000000000000000000 ) ) ;
#3477 = ADVANCED_FACE ( 'NONE', ( #316 ), #1472, .T. ) ;
#3478 = CLOSED_SHELL ( 'NONE', ( #3299, #2865, #2374, #460, #1774, #1747, #1510, #2638, #1954, #365, #3418, #163, #582, #1495, #1014, #1699, #1829, #308 ) ) ;
#3479 = ORIENTED_EDGE ( 'NONE', *, *, #536, .T. ) ;
#3480 = CYLINDRICAL_SURFACE ( 'NONE', #1396, 0.1000000000000002554 ) ;
#3481 = CARTESIAN_POINT ( 'NONE',  ( 0.7300000000000000933, 0.9789693182963199458, 0.3500000000000001998 ) ) ;
#3482 = EDGE_CURVE ( 'NONE', #3387, #670, #2292, .T. ) ;
#3483 = FILL_AREA_STYLE ('',( #491 ) ) ;
#3484 = CARTESIAN_POINT ( 'NONE',  ( -0.7200000000000000844, 0.4049999999999999711, -0.7200000000000000844 ) ) ;
#3485 = EDGE_CURVE ( 'NONE', #1447, #1710, #3314, .T. ) ;
#3486 = PLANE ( 'NONE',  #1337 ) ;
#3487 = ORIENTED_EDGE ( 'NONE', *, *, #1414, .F. ) ;
#3488 = LINE ( 'NONE', #481, #1524 ) ;
#3489 = VERTEX_POINT ( 'NONE', #608 ) ;
#3490 = CARTESIAN_POINT ( 'NONE',  ( -0.2500000000000000000, 0.1275000000000000022, 1.000000000000000000 ) ) ;
#3491 = VERTEX_POINT ( 'NONE', #80 ) ;
#3492 = PLANE ( 'NONE',  #1752 ) ;
#3493 = CYLINDRICAL_SURFACE ( 'NONE', #2773, 0.1800000000000001599 ) ;
#3494 = DIRECTION ( 'NONE',  ( 0.000000000000000000, -1.000000000000000000, 0.000000000000000000 ) ) ;
#3495 = DIRECTION ( 'NONE',  ( 0.000000000000000000, -1.000000000000000000, 0.000000000000000000 ) ) ;
#3496 = ADVANCED_FACE ( 'NONE', ( #936 ), #2029, .F. ) ;
#3497 = ORIENTED_EDGE ( 'NONE', *, *, #1255, .T. ) ;
#3498 = PLANE ( 'NONE',  #1102 ) ;
#3499 = ADVANCED_FACE ( 'NONE', ( #898 ), #671, .T. ) ;
#3500 = VECTOR ( 'NONE', #3345, 1000.000000000000000 ) ;
#3501 = DIRECTION ( 'NONE',  ( -0.7071067811865502373, 0.000000000000000000, -0.7071067811865447972 ) ) ;
#3502 = VECTOR ( 'NONE', #1770, 1000.000000000000000 ) ;
#3503 = ORIENTED_EDGE ( 'NONE', *, *, #2016, .T. ) ;
#3504 = VECTOR ( 'NONE', #1757, 1000.000000000000000 ) ;
#3505 = PLANE ( 'NONE',  #1800 ) ;
#3506 = CIRCLE ( 'NONE', #1005, 0.2350000000000000699 ) ;
#3507 = ORIENTED_EDGE ( 'NONE', *, *, #2121, .T. ) ;
#3508 = DIRECTION ( 'NONE',  ( 0.000000000000000000, -1.000000000000000000, 0.000000000000000000 ) ) ;
#3509 = DIRECTION ( 'NONE',  ( 0.000000000000000000, 1.000000000000000000, 0.000000000000000000 ) ) ;
#3510 = LINE ( 'NONE', #1063, #3405 ) ;
#3511 = AXIS2_PLACEMENT_3D ( 'NONE', #1937, #845, #908 ) ;
#3512 = DIRECTION ( 'NONE',  ( 0.000000000000000000, 1.000000000000000000, 0.000000000000000000 ) ) ;
#3513 = CARTESIAN_POINT ( 'NONE',  ( 0.6299999999999996714, 0.9789693182963199458, 0.9300000000000003819 ) ) ;
#3514 = VECTOR ( 'NONE', #2976, 1000.000000000000000 ) ;
#3515 = DIRECTION ( 'NONE',  ( 1.000000000000000000, 0.000000000000000000, 0.000000000000000000 ) ) ;
#3516 = VERTEX_POINT ( 'NONE', #2115 ) ;
#3517 = MECHANICAL_DESIGN_GEOMETRIC_PRESENTATION_REPRESENTATION (  '', ( #273 ), #733 ) ;
#3518 = EDGE_CURVE ( 'NONE', #1961, #3444, #3337, .T. ) ;
#3519 = APPLICATION_CONTEXT ( 'automotive_design' ) ;
#3520 = ORIENTED_EDGE ( 'NONE', *, *, #390, .T. ) ;
#3521 = PLANE ( 'NONE',  #601 ) ;
#3522 = VECTOR ( 'NONE', #2533, 1000.000000000000000 ) ;
#3523 = EDGE_LOOP ( 'NONE', ( #3103, #1466, #2468, #1942 ) ) ;
#3524 = EDGE_CURVE ( 'NONE', #2554, #404, #3461, .T. ) ;
#3525 = LINE ( 'NONE', #1342, #1643 ) ;
ENDSEC;
END-ISO-10303-21;
